Workbook
Name _____________HAL4: NA()
Name ________AAD3: #N/A
Name ______AAD3: #N/A
Name ______new5: #N/A
Name _____new5: #N/A
Name ____AAD3: #N/A
Name ____HAL4_2: NA()
Name ____new5: #N/A
Name ___ker3030: [1]harsat!$H$18
Name __bes39: '[5]Sat Bah & Up'!$G$58
Name __cat2: [6]Upah!$D$24
Name __cat3: [6]Upah!$D$25
Name __cle65: '[7]BAG-III'!$J$303
Name __faw10: '[7]BAG-III'!$J$316
Name __faw65: '[7]BAG-III'!$J$317
Name __gen1000: [8]Ahs.2!$L$313
Name __GID1: '[9]LKVL-CK-HT-GD1'!$A$4
Name __gip15: '[7]BAG-III'!$J$294
Name __gip20: '[7]BAG-III'!$J$293
Name __gip25: '[7]BAG-III'!$J$292
Name __gip32: '[7]BAG-III'!$J$291
Name __gip40: '[7]BAG-III'!$J$290
Name __gip50: '[7]BAG-III'!$J$289
Name __gra6060: [1]harsat!$H$27
Name __int2: '[10]Harga satuan'!$N$3
Name __mp3: [8]Ahs.1!$N$1149
Name __paw25: '[7]BAG-III'!$J$313
Name __paw40: '[7]BAG-III'!$J$312
Name __paw50: '[7]BAG-III'!$J$311
Name __paw65: '[7]BAG-III'!$J$310
Name __pek2: [6]Upah!$D$15
Name __pek3: [6]Upah!$D$16
Name __ups10: [8]Ahs.2!$L$525
Name _12Excel_BuiltIn_Print_Area_1_1: '[13]Spec Str'!$A$2:$E$60,'[13]Spec Str'!$A$2:$E$60
Name _13Excel_BuiltIn_Print_Area_9_1: #REF!,#REF!
Name _13Excel_BuiltIn_Print_Area_9_1: #REF!,#REF!
Name _13Excel_BuiltIn_Print_Area_9_1: #REF!,#REF!
Name _13Excel_BuiltIn_Print_Area_9_1: #REF!,#REF!
Name _13Excel_BuiltIn_Print_Area_9_1: #REF!,#REF!
Name _13Excel_BuiltIn_Print_Area_9_1: #REF!,#REF!
Name _13Excel_BuiltIn_Print_Area_9_1: #REF!,#REF!
Name _14Excel_BuiltIn_Print_Titles_4_1_1: #REF!,#REF!
Name _14Excel_BuiltIn_Print_Titles_4_1_1: #REF!,#REF!
Name _14Excel_BuiltIn_Print_Titles_4_1_1: #REF!,#REF!
Name _14Excel_BuiltIn_Print_Titles_4_1_1: #REF!,#REF!
Name _14Excel_BuiltIn_Print_Titles_4_1_1: #REF!,#REF!
Name _14Excel_BuiltIn_Print_Titles_4_1_1: #REF!,#REF!
Name _21Excel_BuiltIn_Print_Area_9_1: #REF!,#REF!
Name _21Excel_BuiltIn_Print_Area_9_1: #REF!,#REF!
Name _21Excel_BuiltIn_Print_Area_9_1: #REF!,#REF!
Name _21Excel_BuiltIn_Print_Area_9_1: #REF!,#REF!
Name _21Excel_BuiltIn_Print_Area_9_1: #REF!,#REF!
Name _21Excel_BuiltIn_Print_Area_9_1: #REF!,#REF!
Name _39Excel_BuiltIn_Print_Titles_4_1_1: #REF!,#REF!
Name _39Excel_BuiltIn_Print_Titles_4_1_1: #REF!,#REF!
Name _39Excel_BuiltIn_Print_Titles_4_1_1: #REF!,#REF!
Name _A_2: NA()
Name _AAD3: HAJIME:OWARI
Name _AAD3: [15]!HAJIME:[15]!OWARI
Name _AAD3: [0]!HAJIME:[0]!OWARI

Sheet Plumbing
A1: Perhitungan Volume Plumbing
A3: Proyek | B3: : DHR C2
A5: Lantai | B5: Nomor | C5: Pipa Air Hujan Horizontal (2.5") | D5: Pipa Air Hujan Vertikal (2.5") | E5: Pipa Air Hujan Horizontal (4") | F5: Pipa Air Hujan Vertikal (4") | G5: Pipa Air Hujan Horizontal (6") | H5: Pipa Air Hujan Vertikal (6") | I5: Pipa Air Hujan Utama (8") | K5: Pipa Air Kotor Horizontal (1.5") | L5: Pipa Air Kotor Vertikal (1.5") | M5: Pipa Air Kotor Horizontal (3") | N5: Pipa Air Kotor Vertikal (3") | O5: Pipa Kitchen Horizontal (3") | P5: Pipa Kitchen Vertikal (3") | R5: Pipa WC Vertikal (3") | S5: Pipa WC Horizontal (3") | T5: Pipa Hawa Septic Tank Horizontal (1.5") | U5: Pipa Hawa Septic Tank Vertikal (1.5") | V5: Pipa Resapan ke & dari Septic Tank (4") | W5: Pipa Utama 4" vertikal | X5: Pipa Utama 8"
A7: PAH Atap
A8: PAH LT3
A9: PAH LT3
A10: PAH LT2
A11: PAH LT2
A12: PAH LT2
A13: PAH LT1
A14: PAH LT1
A15: PAH LT1
A16: PAH LT1
A17: PAH Basement
A18: PAH Basement
... A50: Pipa Vent Basement
A53: TOTAL (mm' net) | C53: =SUM(C6:C52) -> 0 | D53: =SUM(D6:D52) -> 0 | E53: =SUM(E6:E52) -> 0 | F53: =SUM(F6:F52) -> 0 | G53: =SUM(G6:G52) -> 0 | H53: =SUM(H6:H52) -> 0 | I53: =SUM(I6:I52) -> 0 | K53: =SUM(K6:K52) -> 0 | L53: =SUM(L6:L52) -> 0 | M53: =SUM(M6:M52) -> 0 | N53: =SUM(N6:N52) -> 0 | O53: =SUM(O6:O52) -> 0 | P53: =SUM(P6:P52) -> 0 | R53: =SUM(R6:R52) -> 0 | S53: =SUM(S6:S52) -> 0 | T53: =SUM(T6:T52) -> 0 | U53: =SUM(U6:U52) -> 0 | V53: =SUM(V6:V52) -> 0 | W53: =SUM(W6:W52) -> 0 | X53: =SUM(X6:X52) -> 0
A55: TOTAL (m' dibulatkan) | C55: =ROUNDUP(C53/4000,0)*4 -> 0 | D55: =ROUNDUP(D53/4000,0)*4 -> 0 | E55: =ROUNDUP(E53/4000,0)*4 -> 0 | F55: =ROUNDUP(F53/4000,0)*4 -> 0 | G55: =ROUNDUP(G53/4000,0)*4 -> 0 | H55: =ROUNDUP(H53/4000,0)*4 -> 0 | I55: =ROUNDUP(I53/4000,0)*4 -> 0 | K55: =ROUNDUP(K53/4000,0)*4 -> 0 | L55: =ROUNDUP(L53/4000,0)*4 -> 0 | M55: =ROUNDUP(M53/4000,0)*4 -> 0 | N55: =ROUNDUP(N53/4000,0)*4 -> 0 | O55: =ROUNDUP(O53/4000,0)*4 -> 0 | P55: =ROUNDUP(P53/4000,0)*4 -> 0 | R55: =ROUNDUP(R53/4000,0)*4 -> 0 | S55: =ROUNDUP(S53/4000,0)*4 -> 0 | T55: =ROUNDUP(T53/4000,0)*4 -> 0 | U55: =ROUNDUP(U53/4000,0)*4 -> 0 | V55: =ROUNDUP(V53/4000,0)*4 -> 0 | W55: =ROUNDUP(W53/4000,0)*4 -> 0 | X55: =ROUNDUP(X53/4000,0)*4 -> 0
C57: m' | D57: btg | E57: Sisa
B58: 1,5" | C58: =K55+L55+T55+U55 -> 0 | D58: =C58/4 -> 0 | E58: =D58-SUM($F58:$XFD58) -> 0
B59: 2"
B60: 2,5" | C60: =C55+D55 -> 0 | D60: =C60/4 -> 0 | E60: =D60-SUM($F60:$XFD60) -> 0
B61: 3" | C61: =+M55+N55+O55+P55+R55+S55 -> 0 | D61: =C61/4 -> 0 | E61: =D61-SUM($F61:$XFD61) -> 0
B62: 4" | C62: =+E55+F55+V55+W55 -> 0 | D62: =C62/4 -> 0 | E62: =D62-SUM($F62:$XFD62) -> 0
B63: 6" | C63: =G55+H55 -> 0 | D63: =C63/4 -> 0 | E63: =D63-SUM($F63:$XFD63) -> 0
B64: 8" | C64: =+I55 -> 0 | D64: =C64/4 -> 0 | E64: =D64-SUM($F64:$XFD64) -> 0

Sheet Upah
A4: No. | B4: P E K E R J A A N | C4: SAT | D4: UPAH NET | F4: UPAH MANDOR (LT. DASAR) | H4: UPAH TATA
D5: Rp. | F5: Rp.
A7: 1 | B7: Pekerjaan Galian manual | C7: m3
A8: =1+A7 -> 2 | B8: Pekerjaan urugan kembali | C8: m3
A9: =1+A8 -> 3 | B9: Pekerjaan Urugan Pasir | C9: m3
A10: =1+A9 -> 4 | B10: Pekerjaan urugan sirtu | C10: m3
A11: =1+A10 -> 5 | B11: Pemadatan tanah | C11: m2
A12: =1+A11 -> 6 | B12: Bobok kepala tiang diameter 50 cm | C12: titik
A13: =1+A12 -> 7 | B13: Bobok kepala mini pile 25 cm x 25 cm | C13: titik
A14: =1+A13 -> 8 | B14: Lantai Kerja tebal : 7 cm | C14: m3 | D14: =F14 -> 600000 | F14: 600000 | H14: 300000
A15: =1+A14 -> 9 | B15: Lantai kerja plastic sheet | C15: m2 | D15: =F15 -> 0
A16: =1+A15 -> 10 | B16: Pasang Batu Kali | C16: m3 | D16: 100000
A17: =1+A16 -> 11 | B17: Cor Beton Manual | C17: m3 | D17: =F17 -> 100000 | F17: 100000 | H17: 75000
A18: =1+A17 -> 12 | B18: Cor Beton dengan site mix | C18: m3 | D18: =F18 -> 0
A19: =1+A18 -> 13 | B19: Cor Beton Dengan Tower Crane (komponen struktur vertikal) | C19: m3 | D19: =F19 -> 0
A20: =1+A19 -> 14 | B20: Cor Beton Dengan Concrete Pump | C20: m3 | D20: =F20 -> 250000 | F20: 250000 | H20: 55000
B21: Vibrator | C21: m3 | D21: =F21 -> 15000 | F21: 15000
B22: Sewa concrete pump | C22: m3 | D22: =F22 -> 85000 | F22: 85000
A23: =1+A20 -> 15 | B23: Pasang besi dengan Tower Crane | C23: kg | D23: =F23 -> 0
A24: =1+A23 -> 16 | B24: Pasang besi manual | C24: kg | D24: =F24 -> 2500 | F24: 2500
A25: =1+A24 -> 17 | B25: Pasang Wiremesh | C25: m2 | D25: =F25 -> 8000 | F25: 8000
A26: =1+A25 -> 18 | B26: Pasang bekisting batako posisi tidur | C26: m2 | D26: =F26 -> 0
A27: =1+A26 -> 19 | B27: Pasang bekisting batako posisi berdiri | C27: m2 | D27: =F27 -> 0
A28: =1+A27 -> 20 | B28: Ongkos pasang bekisting | C28: m2 | D28: =F28 -> 60000 | F28: 60000
B29: Ongkos bongkar bekisting | C29: m2 | D29: =F29 -> 25000 | F29: 25000
B30: Ongkos pasang bekisting bondek | C30: m2 | D30: =F30 -> 85000 | F30: 85000
A31: =1+A90 -> 1 | B31: Plesteran Semen Instant | C31: m2 | D31: =F31 -> 35000 | F31: 35000
A32: =1+A31 -> 2 | B32: Plesteran Konvensional | C32: m2 | D32: =F32 -> 0
A33: =1+A32 -> 3 | B33: Acian Semen Instant | C33: m2 | D33: =F33 -> 25000 | F33: 25000
A34: =1+A33 -> 4 | B34: Acian Semen Konvensional | C34: m2 | D34: =F34 -> 0
A35: =1+A34 -> 5 | B35: Benangan | C35: m | D35: =F35 -> 20000 | F35: 20000
A36: =1+A35 -> 6 | B36: Pasang Kolom Praktis | C36: m2 | D36: =F36 -> 40000 | F36: 40000
A37: =1+A36 -> 7 | B37: Screed Lantai | C37: m2
A38: =1+A37 -> 8 | B38: Pasang Keramik dan HT / GT lantai | C38: m2
A39: =1+A38 -> 9 | B39: Pasang Keramik lantai bermotif (susun bata / herringbone / dsb) | C39: m2
A40: =1+A39 -> 10 | B40: Pasang Keramik dan HT / GT dinding | C40: m2
A41: =1+A40 -> 11 | B41: Pasang Skirting Keramik | C41: m
A42: =1+A41 -> 12 | B42: Pasang Skirting Homogenous Tile | C42: m
A43: =1+A42 -> 13 | B43: Pasang Stepnosing | C43: m
A44: =1+A43 -> 14 | B44: Finish Floor Hardener | C44: m2
A45: =1+A44 -> 15 | B45: Trowel Finish Lantai | C45: m2
A46: =1+A45 -> 16 | B46: Broom Finished lantai | C46: m2
A47: =1+A46 -> 17 | B47: Pasang Car Stoper | C47: bh
A48: =1+A47 -> 18 | B48: Skim coat | C48: m2
... A67: =1+A66 -> 37 | B67: Pasang dinding corrugated metal | C67: m2
B69: Data Upah Mandor Slamet (sebelum diskon)
B70: note: setiap naik 1 lantai, upah +5%
B72: Galian manual | C72: m3 | D72: =F72 -> 85000 | F72: 85000 | H72: 80000
B73: Urugan tanah manual | C73: m3 | D73: =F73 -> 60000 | F73: 60000 | H73: 30000
B74: Buang bekas galian | C74: m3 | D74: =F74 -> 60000 | F74: 60000
B75: Perataan & pemadatan tanah | C75: m3 | D75: =F75 -> 20000 | F75: 20000 | H75: 9000
B76: Bekisting + pembesian + cor POER | C76: m3 | D76: 800000 | F76: 600000
B77: Bekisting + pembesian + cor SLOOF | C77: m3 | D77: 1100000 | F77: 1000000
B78: Bekisting + pembesian + cor BALOK (rata-rata) | C78: m3 | D78: 1500000 | F78: 1500000
B79: Bekisting + pembesian + cor KOLOM (rata-rata) | C79: m3 | D79: 1600000 | F79: 1750000
B80: Bekisting + pembesian + cor PLAT LANTAI (lt. dasar) | C80: m3 | D80: 800000 | F80: 800000
B81: Bekisting + pembesian + cor PLAT LANTAI (rata-rata) | C81: m3 | D81: 1250000 | F81: 1250000
B82: Bekisting + pembesian + cor DINDING BETON (rata-rata) | C82: m3 | D82: 1200000 | F82: 1000000
B83: Bekisting + pembesian + cor TANGGA (rata-rata) | C83: m3 | D83: =F83 -> 1750000 | F83: 1750000
B84: Lantai kerja | C84: m3 | D84: =F84 -> 400000 | F84: 400000 | H84: 300000
B85: Pasang bata merah 1/2 batu (rata-rata) | C85: m2 | D85: 80000 | F85: 50000 | H85: 30000
B86: Pasang bata merah 3/4 batu (rata-rata) | C86: m2 | D86: 100000 | F86: 80000
B87: Pasang bata merah 1 batu (rata-rata) | C87: m2 | D87: 150000 | F87: 100000
B88: Pasang bata merah 1,5 batu (rata-rata) | C88: m2 | D88: 175000 | F88: 125000
B89: Pasang bata merah 1,5 batu (rata-rata) | C89: m2 | D89: =F89 -> 175000 | F89: 175000
B90: Pasang bata ringan 1/2 batu (rata-rata) | C90: m2 | D90: =F90 -> 30000 | F90: 30000 | H90: 19500
B91: Pasang bata ringan 1 batu (rata-rata) | C91: m2 | D91: =F91 -> 60000 | F91: 60000
B92: Pasang bata ringan 1,5 batu (rata-rata) | C92: m2 | D92: =F92 -> 80000 | F92: 80000
B93: Plesteran dinding (konvensional) | C93: m2 | D93: =F93 -> 60000 | F93: 60000 | H93: 22000
B94: Plesteran kolom (beton) | C94: m2 | D94: =F94 -> 70000 | F94: 70000 | H94: 25000
B95: Acian dinding & kolom (semen instan) | C95: m2 | D95: =F95 -> 30000 | F95: 30000 | H95: 18000
B96: Acian dinding & kolom (konvensional) | C96: m2 | D96: =F96 -> 30000 | F96: 30000 | H96: 14000
B97: Benangan sudut | C97: m' | D97: =F97 -> 40000 | F97: 40000 | H97: 10000
B98: Pekerjaan pipa horizontal lantai dasar (gali + bantalan + urug) | C98: m' | D98: =F98 -> 40000 | F98: 40000
B99: Pekerjaan pipa vertikal (kawat ayam + cor) | C99: m' | D99: =F99 -> 30000 | F99: 30000
B100: Pekerjaan pipa horizontal | C100: m' | D100: =F100 -> 25000 | F100: 25000
B101: Pekerjaan bantalan pipa | C101: m' | D101: =F101 -> 100000 | F101: 100000
B102: Pekerjaan bak kontrol | C102: unit | D102: =F102 -> 250000 | F102: 250000
B103: Pekerjaan tandon bawah kaps. 9 m3 | C103: unit | D103: =F103 -> 10000000 | F103: 10000000

Sheet Material
A1: Tanggal | C1: :
A2: Proyek | C2: :
A3: Lokasi | C3: :
A5: No. | B5: M A T E R I A L S | E5: PRODUK / MODEL / TIPE | F5: SAT | G5: HARGA NET
G6: Rp.
A8: 1 | B8: Pasir Pasang | E8: ex : Lumajang | F8: m3 | G8: =ROUNDUP(2100000/6,-4) -> 350000 | H8: 2,1jt/rit
B9: Pasir Pasang | E9: ex : Kertosono | F9: m3 | G9: =ROUNDUP(1300000/6,-4) -> 220000 | H9: 1,3jt/rit
A10: =+A17+1 -> 3 | B10: Split 1:1 | E10: ex : lokal | F10: m3 | G10: 275000 | I10: harga beton Jayamix BDG H-16 SEBELUM PPN:
A11: =+A27+1 -> 14 | B11: Readymix K-350 (fc' 35 Mpa) | E11: slump 18 ± 2 cm, Non Fly Ash, Self-Consolidating Concrete (SCC) atau ditambah additive hyperflow | F11: m3 | G11: =1050000*1.11 -> 1165500 | I11: K-300 (fc'25) | J11: 785000
A12: =+A11+1 -> 15 | B12: Readymix K-350 (fc' 35 Mpa) | E12: slump 18 ± 2 cm, Non Fly Ash, split 1:1 | F12: m3 | G12: =1050000*1.11 -> 1165500 | I12: K-350 (fc'30) | J12: 875000
B13: Readymix K-350 (fc' 30 Mpa) | E13: slump 18 ± 2 cm, Non Fly Ash, split 1:1 | F13: m3 | G13: =1050000*1.11 -> 1165500 | I13: K-400 (fc'32,5) | J13: 840000
A14: =+A20+1 -> 7 | B14: Semen PC | E14: ex : Semen Gresik / Holcim / Tiga Roda @ 50 kg | F14: sak | G14: 65000 | I14: K-450 (fc'35) | J14: 935000
B15: Bentonite | F15: kg | G15: 3000 | I15: additive hyperflow | J15: 50000
B16: Bahan bakar molen | F16: ltr | G16: 13000
A17: =+A8+1 -> 2 | B17: Pasir Urug | E17: ex : lokal | F17: m3 | G17: 175000
A18: =+A10+1 -> 4 | B18: Sirtu | E18: ex : lokal | F18: m3
A19: =A18+1 -> 5 | B19: Batu kali | E19: ex : lokal | F19: m3 | G19: 250000
A20: =A19+1 -> 6 | B20: Batako tebal 10 cm | E20: ex : lokal | F20: bh | G20: 4500
B21: Air kerja | F21: m3 | G21: 40000
A22: =+A14+1 -> 8 | B22: Readymix B0 | E22: slump 12 ± 2 cm, FA max 10% | F22: m3
A23: =+A22+1 -> 9 | B23: Readymix fc' 35 Mpa (khusus Raft) | F23: m3
A24: =+A23+1 -> 10 | B24: Readymix fc' 25 MPa | F24: m3
A25: =+A24+1 -> 11 | B25: Readymix fc' 30 MPa | F25: m3
A26: =+A25+1 -> 12 | B26: Readymix fc' 35 MPa | F26: m3
A27: =+A26+1 -> 13 | B27: Readymix fc' 40 MPa | F27: m3
A28: =+A12+1 -> 16 | B28: Readymix K-250 | F28: m3
A29: =+A28+1 -> 17 | B29: Additive | E29: ex : LN | F29: ltr
A30: =+A29+1 -> 18 | B30: Curing Compound | E30: ex : Masterkure 128 ex. BASF | F30: ltr
A31: =+A30+1 -> 19 | B31: Form oil | F31: ltr | G31: 27500 | J31: Wire Mesh | K31: 10000 | L31: /kg
A32: =+A31+1 -> 20 | B32: Bonding Agent | E32: ex : Sikabond | F32: ltr
A33: =+A32+1 -> 21 | B33: Besi beton BJTP U24 & BJTD U40 | E33: standard SNI | F33: kg | G33: 9500 | I33: dia | J33: jarak | K33: P | L33: L | M33: brt/m2
A34: =+A33+1 -> 22 | B34: Wiremesh M-10 | E34: ex. BHP / Lion | F34: m2 | G34: =M34*$K$31 -> 85135.714 | I34: 10 | J34: 150 | K34: 5.4 | L34: 2.1 | M34: =(0.006165*I34*I34)*(K34*ROUND(L34/(J34/1000)+1,0)+L34*ROUND(K34/(J34/1000),0))/(K34*L34) -> 8.5135714
A35: =+A34+1 -> 23 | B35: Wiremesh M-9 | E35: ex. BHP / Lion | F35: m2 | G35: =M35*$K$31 -> 68959.929 | H35: =778000/(2.1*5.4) -> 68606.702 | I35: 9 | J35: 150 | K35: 5.4 | L35: 2.1 | M35: =(0.006165*I35*I35)*(K35*ROUND(L35/(J35/1000)+1,0)+L35*ROUND(K35/(J35/1000),0))/(K35*L35) -> 6.8959929
A36: =+A35+1 -> 24 | B36: Wiremesh M-8 | E36: ex. BHP / Lion | F36: m2 | G36: =M36*$K$31 -> 54486.857 | H36: =549000/(2.1*5.4) -> 48412.698 | I36: 8 | J36: 150 | K36: 5.4 | L36: 2.1 | M36: =(0.006165*I36*I36)*(K36*ROUND(L36/(J36/1000)+1,0)+L36*ROUND(K36/(J36/1000),0))/(K36*L36) -> 5.4486857
A37: =+A36+1 -> 25 | B37: Wiremesh M-7 | E37: ex. BHP / Lion | F37: m2 | G37: =M37*$K$31 -> 41716.5 | H37: =419000/(2.1*5.4) -> 36948.854 | I37: 7 | J37: 150 | K37: 5.4 | L37: 2.1 | M37: =(0.006165*I37*I37)*(K37*ROUND(L37/(J37/1000)+1,0)+L37*ROUND(K37/(J37/1000),0))/(K37*L37) -> 4.17165
A38: =+A37+1 -> 26 | B38: Wiremesh M-5 | E38: ex. BHP / Lion | F38: m2 | G38: =M38*$K$31 -> 30648.857 | I38: 6 | J38: 150 | K38: 5.4 | L38: 2.1 | M38: =(0.006165*I38*I38)*(K38*ROUND(L38/(J38/1000)+1,0)+L38*ROUND(K38/(J38/1000),0))/(K38*L38) -> 3.0648857
A39: =+A38+1 -> 27 | B39: Kawat beton | E39: ex : lokal | F39: kg | G39: 17500
B41: Profil baja standar | F41: kg | G41: 30000
B42: Profil baja besar | F42: kg | G42: 32500
B43: Profil baja khusus (misal: gording) | F43: kg | G43: 27500
B44: Lisplank baja PL8 tinggi 350 mm | F44: m' | G44: 2150000
B45: Lisplank baja PL8 tinggi 260 mm | F45: m' | G45: 1850000
B46: Plat baja | F46: kg | G46: 30000
B47: Sagrod / trekstang | F47: kg | G47: 12500
B48: Ikatan angin | F48: kg | G48: 12500
B50: Bekisting bondek / smartdeck 0.75 mm TCT | F50: m2 | G50: 150000
B51: Bekisting kolom praktis (simplified) | F51: m2 | G51: 40000
A52: =+A39+1 -> 28 | B52: Kayu balok | E52: Meranti campur | F52: m3 | G52: 4200000
A53: =+A52+1 -> 29 | B53: Kayu usuk 5/7 | F53: pcs | G53: =50*70*4000/1000000000*G52 -> 58800
B54: Kayu usuk 4/6 | F54: pcs | G54: =40*60*4000/1000000000*G52 -> 40320
B55: Papan 2/20 | F55: lbr | G55: 44800
A56: =+A58+1 -> 1 | B56: Multipleks t= 9 mm (4'x8') | F56: lbr | G56: 115000
B58: Multipleks t = 9 mm | E58: Meranti full | F58: lbr | G58: 175000
B59: Multipleks t = 12 mm | E59: Meranti full | F59: lbr | G59: 200000
B60: Multipleks t = 15 mm | E60: Meranti full | F60: lbr | G60: 285000
B61: Multipleks t = 18 mm | E61: Meranti full | F61: lbr | G61: 400000
B63: Multipleks t = 9 mm | E63: Meranti campur | F63: lbr | G63: 105000
B64: Multipleks t = 12 mm | E64: Meranti campur | F64: lbr | G64: 170000 | H64: 162500 | I64: harga update 25 November 2025
B65: Multipleks t = 15 mm | E65: Meranti campur | F65: lbr | G65: 200000 | H65: 197500 | I65: harga update 25 November 2025
B66: Multipleks t = 18 mm | E66: Meranti campur | F66: lbr | G66: 232500
B68: Multipleks phenol film t = 12 mm | E68: Meranti campur | F68: lbr | G68: 215000
B69: Multipleks phenol film t = 15 mm | E69: Meranti campur | F69: lbr | G69: 280000 | H69: 275000 | I69: harga update 5 april 2023
B70: Multipleks phenol film t = 18 mm | E70: Meranti campur | F70: lbr | G70: 280000
A72: =+A59+1 -> 1 | B72: Phenol Film t= 12 mm (4'x8') | E72: ex : lokal full meranti | F72: lbr
A73: =+A72+1 -> 2 | B73: Phenol Film t= 15 mm (4'x8') | E73: ex : lokal full meranti | F73: lbr
A74: =+A73+1 -> 3 | B74: Paku | E74: ex : lokal | F74: kg | G74: 13000
A75: =+A74+1 -> 4 | B75: Kawat ayam | E75: ex : lokal | F75: m2 | G75: 15000
B76: Bata merah | E76: biasa (poklu) | F76: bh | G76: 750
A77: =+A75+1 -> 5 | B77: Bata merah | E77: press (MRH) | F77: bh | G77: 750
B78: Bata ringan | F78: m3 | G78: 680000
A79: =+A77+1 -> 6 | B79: Perekat bata ringan | E79: ex : MU-382 | F79: kg | G79: 1400
A80: =+A79+1 -> 7 | B80: Plesteran mortar instan | E80: ex : MU-302 | F80: kg | G80: 800 | I80: disc max | J80: 0.15 | K80: 0.03 | L80: 0.025 | M80: = | N80: =(1-J80)*(1-K80)*(1-L80) -> 0.8038875
A81: =+A80+1 -> 8 | B81: Acian mortar instan | E81: ex : MU-202 / setara | F81: kg | G81: 1600 | I81: disc pakai | J81: 0.15 | M81: = | N81: =(1-J81)*(1-K81)*(1-L81) -> 0.85
J82: hrg dasar
B83: Pipa PVC 8" | E83: Rucika - Wavin | F83: btg | G83: =J83*$N$81 -> 1883515 | H83: spec JIS | J83: 2215900
B84: Pipa PVC 6" | E84: Rucika - Wavin | F84: btg | G84: =J84*$N$81 -> 1245335 | H84: spec JIS | J84: 1465100
B85: Pipa PVC 5" | E85: Rucika - Wavin | F85: btg | G85: =J85*$N$81 -> 829600 | H85: spec JIS | J85: 976000
B86: Pipa PVC 4" | E86: Rucika - Wavin | F86: btg | G86: =J86*$N$81 -> 662745 | H86: spec JIS | J86: 779700
B87: Pipa PVC 3" | E87: Rucika - Wavin | F87: btg | G87: =J87*$N$81 -> 428910 | H87: spec JIS | J87: 504600
B88: Pipa PVC 2,5" | E88: Rucika - Wavin | F88: btg | G88: =J88*$N$81 -> 269280 | H88: spec JIS | J88: 316800
B89: Pipa PVC 2" | E89: Rucika - Wavin | F89: btg | G89: =J89*$N$81 -> 209355 | H89: spec JIS | J89: 246300
B90: Pipa PVC 1,5" | E90: Rucika - Wavin | F90: btg | G90: =J90*$N$81 -> 147475 | H90: spec JIS | J90: 173500
B92: Roof drain 4" | E92: San-Ei | F92: pcs | G92: 250000 | J92: 221250
B93: Roof drain 3" | E93: San-Ei | F93: pcs | G93: 225000 | J93: 206250
B94: Roof drain 2" | E94: San-Ei | F94: pcs | G94: 200000 | J94: 191250
B96: Bioseptictank 0,5 m3 | E96: Pancawira Perkasa | F96: unit | G96: =1925000*1.11 -> 2136750
B97: Bioseptictank 1 m3 | E97: Pancawira Perkasa | F97: unit | G97: =2805000*1.11 -> 3113550
B98: Bioseptictank 1,5 m3 | E98: Pancawira Perkasa | F98: unit | G98: =4510000*1.11 -> 5006100
B99: Bioseptictank 2 m3 | E99: Pancawira Perkasa | F99: unit | G99: =6270000*1.11 -> 6959700

Sheet Hitungan Tangga
D1: KAIT TULANGAN UTAMA | E1: = | F1: 12 | G1: D
D2: BALOK BORDES 200/400 | E2: DIAMETER | F2: PANJANG (m) | G2: PENJANGKARAN | H2: TOTAL | I2: BERAT | J2: JUMLAH | K2: BERAT
D3: TUL ATAS | E3: 13 | F3: =7540/2/1000 -> 3.77 | G3: =2*$F$1*E3/1000 -> 0.312 | H3: =F3+G3 -> 4.082 | I3: =0.006165*E3^2*F3 -> 3.9279065 | J3: 3 | K3: =J3*I3*G3 -> 3.6765204
D4: TUL PEMINGGANG | E4: 0 | F4: 0 | G4: =2*$F$1*E4/1000 -> 0 | H4: =F4+G4 -> 0 | I4: =0.006165*E4^2 -> 0 | J4: 0 | K4: =J4*I4*G4 -> 0
D5: TUL BAWAH | E5: 13 | F5: =7540/2/1000 -> 3.77 | G5: =2*$F$1*E5/1000 -> 0.312 | H5: =F5+G5 -> 4.082 | I5: =0.006165*E5^2*F5 -> 3.9279065 | J5: 3 | K5: =J5*I5*G5 -> 3.6765204
D6: SENGKANG | E6: 10 | F6: =(2*(400+200)-40*4)/1000 -> 1.04 | G6: =MAX(6*E6,75)/1000 -> 0.075 | H6: =F6+G6 -> 1.115 | I6: =0.006165*E6^2 -> 0.6165 | J6: =ROUNDUP(2100/150,0) -> 14 | K6: =J6*I6*G6 -> 0.647325
J7: BERAT TOTAL | K7: =SUM(K3:K6) -> 8.0003659
A10: Tangga carport | B10: LUAS (m2) | C10: LEBAR (m) | D10: VOL.BETON (m3) | E10: BERAT BESI (KG) | F10: Bekisting m2 | G10: ARAH Y | L10: ARAH X
G11: PANJANG | H11: TULANGAN | I11: JUMLAH | J11: BERAT/PCS | K11: BERAT TOTAL | L11: PANJANG | M11: PENJANGKARAN | N11: TOTAL | O11: TULANGAN | P11: JUMLAH | Q11: BERAT/PCS | R11: BERAT TOTAL
A12: TANGGA | B12: =41.2407688232/5^2 -> 1.6496308 | C12: 2.1 | D12: =B12*C12 -> 3.4642246 | E12: =(SUM(K12:K13)+SUM(R12:R13)) -> 323.84168 | F12: =P13*(145+350)/5/1000*C12+2*B12+38.043/5*C12 -> 23.435322 | G12: =(6.669+52.895+45.379+15.36)/5 -> 24.0606 | H12: 10 | I12: =ROUNDUP(2100/150,0) -> 14 | J12: =0.006165*H12^2 -> 0.6165 | K12: =J12*I12*G12 -> 207.66704 | L12: =(2100-2*40)/1000/5 -> 0.404 | M12: =2*$F$1*O12/1000 -> 0.24 | N12: =L12+M12 -> 0.644 | O12: 10 | P12: 100 | Q12: =0.006165*O12^2 -> 0.6165 | R12: =N12*Q12*P12 -> 39.7026
G13: =4.134*P13/5 -> 16.536 | H13: 8 | I13: =ROUNDUP(2100/200,0) -> 11 | J13: =0.006165*H13^2 -> 0.39456 | K13: =J13*I13*G13 -> 71.768886 | L13: =(2100-2*40)/1000/5 -> 0.404 | M13: =2*$F$1*O13/1000 -> 0.192 | N13: =L13+M13 -> 0.596 | O13: 8 | P13: 20 | Q13: =0.006165*O13^2 -> 0.39456 | R13: =N13*Q13*P13 -> 4.7031552
A14: BORDES | B14: =30.386567/2^2 -> 7.5966417 | C14: 0.15 | D14: =B14*C14 -> 1.1394963 | E14: =(SUM(K14:K14)+SUM(R14:R14)) -> 41.57676 | F14: =6.909*C14+B14 -> 8.6329918 | G14: =(2.4*3/4)/2 -> 0.9 | H14: 10 | I14: =ROUNDUP(2400/150,0) -> 16 | J14: =0.006165*H14^2 -> 0.6165 | K14: =J14*I14*G14 -> 8.8776 | L14: =(4.8*3/4)/2 -> 1.8 | M14: =2*$F$1*O14/1000 -> 0.24 | N14: =L14+M14 -> 2.04 | O14: 10 | P14: 26 | Q14: =0.006165*O14^2 -> 0.6165 | R14: =N14*Q14*P14 -> 32.69916
A15: BALOK BORDES 200/400 | B15: =400*200/1000000 -> 0.08 | C15: =7540/2/1000 -> 3.77 | D15: =B15*C15 -> 0.3016 | E15: =K7 -> 8.0003659 | F15: =0.4*0.2*2+(0.4+0.2)*7.537+0.25*6.909 -> 6.40945
C17: total | D17: =SUM(D12:D15) -> 4.9053208 | E17: =SUM(E12:E15) -> 373.41881 | F17: =SUM(F12:F16) -> 38.477763
D20: BALOK BORDES 200/450 | E20: DIAMETER | G20: PANJANG (m) | H20: PENJANGKARAN | I20: TOTAL | J20: BERAT | K20: JUMLAH | L20: BERAT
D21: TUL ATAS | E21: 13 | G21: =1650/1000 -> 1.65 | H21: =2*$F$1*E21/1000 -> 0.312 | I21: =G21+H21 -> 1.962 | J21: =0.006165*E21^2*G21 -> 1.7191102 | K21: 5 | L21: =K21*J21*H21 -> 2.681812
D22: TUL PEMINGGANG | E22: 8 | G22: =1650/1000 -> 1.65 | H22: =2*$F$1*E22/1000 -> 0.192 | I22: =G22+H22 -> 1.842 | J22: =0.006165*E22^2*G22 -> 0.651024 | K22: 2 | L22: =K22*J22*H22 -> 0.24999322
D23: TUL BAWAH | E23: 13 | G23: =1650/1000 -> 1.65 | H23: =2*$F$1*E23/1000 -> 0.312 | I23: =G23+H23 -> 1.962 | J23: =0.006165*E23^2*G23 -> 1.7191102 | K23: 4 | L23: =K23*J23*H23 -> 2.1454496
D24: SENGKANG | E24: 10 | G24: =(2*(450+200)-40*4)/1000 -> 1.14 | H24: =MAX(6*E24,75)/1000 -> 0.075 | I24: =G24+H24 -> 1.215 | J24: =0.006165*E24^2*G24 -> 0.70281 | K24: =ROUNDUP(1650/100,0) -> 17 | L24: =K24*J24*H24 -> 0.89608275
K25: BERAT TOTAL | L25: =SUM(L21:L24) -> 5.9733375
A27: Tangga utama | B27: LUAS | C27: LEBAR | D27: VOL.BETON | E27: BERAT BESI (KG) | F27: Bekisting | G27: ARAH Y | L27: ARAH X
G28: PANJANG | H28: TULANGAN | I28: JUMLAH | J28: BERAT/PCS | K28: BERAT TOTAL | L28: PANJANG | M28: PENJANGKARAN | N28: TOTAL | O28: TULANGAN | P28: JUMLAH | Q28: BERAT/PCS | R28: BERAT TOTAL
A29: Pot 3a | B29: =26.855736/5^2 -> 1.0742294 | C29: 1.65 | D29: =B29*C29 -> 1.7724786 | E29: =(SUM(K29:K30)+SUM(R29:R30)) -> 299.21232 | G29: =(33.214+8.717+32.044+7.629)/5 -> 16.3208 | H29: 13 | I29: =ROUNDUP(1650/150,0) -> 11 | J29: =0.006165*H29^2 -> 1.041885 | K29: =J29*I29*G29 -> 187.04836 | L29: =(1650-2*40)/1000 -> 1.57 | M29: =2*$F$1*O29/1000 -> 0.24 | N29: =L29+M29 -> 1.81 | O29: 10 | P29: 58 | Q29: =0.006165*O29^2 -> 0.6165 | R29: =N29*Q29*P29 -> 64.72017
G30: =4.588*P30/5 -> 11.0112 | H30: 8 | I30: =ROUNDUP(1650/200,0) -> 9 | J30: =0.006165*H30^2 -> 0.39456 | K30: =J30*I30*G30 -> 39.101212 | L30: =(1650-2*40)/1000 -> 1.57 | M30: =2*$F$1*O30/1000 -> 0.192 | N30: =L30+M30 -> 1.762 | O30: 8 | P30: 12 | Q30: =0.006165*O30^2 -> 0.39456 | R30: =N30*Q30*P30 -> 8.3425766
A31: Pot 3b | B31: =26.185062/5^2 -> 1.0474025 | C31: 1.65 | D31: =B31*C31 -> 1.7282141 | E31: =(SUM(K31:K32)+SUM(R31:R32))+$L$25 -> 246.31212 | G31: =(13.899+15.714+23.257+14.643+11.98)/5 -> 15.8986 | H31: 13 | I31: =ROUNDUP(1650/150,0) -> 11 | J31: =0.006165*H31^2 -> 1.041885 | K31: =J31*I31*G31 -> 182.20964 | L31: =(1650-2*40)/1000 -> 1.57 | M31: =2*$F$1*O31/1000 -> 0.24 | N31: =L31+M31 -> 1.81 | O31: 10 | P31: 36 | Q31: =0.006165*O31^2 -> 0.6165 | R31: =N31*Q31*P31 -> 40.17114
G32: =4.588*P32/5 -> 4.588 | H32: 8 | I32: =ROUNDUP(1500/200,0) -> 8 | J32: =0.006165*H32^2 -> 0.39456 | K32: =J32*I32*G32 -> 14.48193 | L32: =(1650-2*40)/1000 -> 1.57 | M32: =2*$F$1*O32/1000 -> 0.192 | N32: =L32+M32 -> 1.762 | O32: 8 | P32: 5 | Q32: =0.006165*O32^2 -> 0.39456 | R32: =N32*Q32*P32 -> 3.4760736
A33: Pot 3c | B33: =26.101329/5^2 -> 1.0440532 | C33: 1.65 | D33: =B33*C33 -> 1.7226877 | E33: =(SUM(K33:K34)+SUM(R33:R34)) -> 311.4016 | G33: =(11.149+13.692+30.997+26.351+8.682)/5 -> 18.1742 | H33: 13 | I33: =ROUNDUP(1650/150,0) -> 11 | J33: =0.006165*H33^2 -> 1.041885 | K33: =J33*I33*G33 -> 208.28969 | L33: =(1650-2*40)/1000 -> 1.57 | M33: =2*$F$1*O33/1000 -> 0.24 | N33: =L33+M33 -> 1.81 | O33: 10 | P33: 57 | Q33: =0.006165*O33^2 -> 0.6165 | R33: =N33*Q33*P33 -> 63.604305
G34: =4.588*P34/5 -> 10.0936 | H34: 8 | I34: =ROUNDUP(1500/200,0) -> 8 | J34: =0.006165*H34^2 -> 0.39456 | K34: =J34*I34*G34 -> 31.860247 | L34: =(1650-2*40)/1000 -> 1.57 | M34: =2*$F$1*O34/1000 -> 0.192 | N34: =L34+M34 -> 1.762 | O34: 8 | P34: 11 | Q34: =0.006165*O34^2 -> 0.39456 | R34: =N34*Q34*P34 -> 7.6473619
B35: total | C35: Utama | D35: =SUM(D29:D34) -> 5.2233804 | E35: =SUM(E29:E34) -> 856.92605
D38: BALOK BORDES 200/450 | E38: DIAMETER | G38: PANJANG (m) | H38: PENJANGKARAN | I38: TOTAL | J38: BERAT | K38: JUMLAH | L38: BERAT
D39: TUL ATAS | E39: 13 | G39: =950/1000 -> 0.95 | H39: =2*$F$1*E39/1000 -> 0.312 | I39: =G39+H39 -> 1.262 | J39: =0.006165*E39^2*G39 -> 0.98979075 | K39: 3 | L39: =K39*J39*H39 -> 0.92644414
D40: TUL PEMINGGANG | E40: 8 | G40: =950/1000 -> 0.95 | H40: =2*$F$1*E40/1000 -> 0.192 | I40: =G40+H40 -> 1.142 | J40: =0.006165*E40^2*G40 -> 0.374832 | K40: 2 | L40: =K40*J40*H40 -> 0.14393549
D41: TUL BAWAH | E41: 13 | G41: =950/1000 -> 0.95 | H41: =2*$F$1*E41/1000 -> 0.312 | I41: =G41+H41 -> 1.262 | J41: =0.006165*E41^2*G41 -> 0.98979075 | K41: 3 | L41: =K41*J41*H41 -> 0.92644414
D42: SENGKANG | E42: 10 | G42: =(2*(450+200)-40*4)/1000 -> 1.14 | H42: =MAX(6*E42,75)/1000 -> 0.075 | I42: =G42+H42 -> 1.215 | J42: =0.006165*E42^2*G42 -> 0.70281 | K42: =ROUNDUP(950/100,0) -> 10 | L42: =K42*J42*H42 -> 0.5271075
K43: BERAT TOTAL | L43: =SUM(L39:L42) -> 2.5239313
D45: BALOK BORDES 200/700 | E45: DIAMETER | G45: PANJANG (m) | H45: PENJANGKARAN | I45: TOTAL | J45: BERAT | K45: JUMLAH | L45: BERAT
D46: TUL ATAS | E46: 16 | G46: =950/1000 -> 0.95 | H46: =2*$F$1*E46/1000 -> 0.384 | I46: =G46+H46 -> 1.334 | J46: =0.006165*E46^2*G46 -> 1.499328 | K46: 3 | L46: =K46*J46*H46 -> 1.7272259
D47: TUL PEMINGGANG | E47: 10 | G47: =950/1000 -> 0.95 | H47: =2*$F$1*E47/1000 -> 0.24 | I47: =G47+H47 -> 1.19 | J47: =0.006165*E47^2*G47 -> 0.585675 | K47: 2 | L47: =K47*J47*H47 -> 0.281124
D48: TUL BAWAH | E48: 16 | G48: =950/1000 -> 0.95 | H48: =2*$F$1*E48/1000 -> 0.384 | I48: =G48+H48 -> 1.334 | J48: =0.006165*E48^2*G48 -> 1.499328 | K48: 3 | L48: =K48*J48*H48 -> 1.7272259
D49: SENGKANG | E49: 10 | G49: =(2*(700+200)-40*4)/1000 -> 1.64 | H49: =MAX(6*E49,75)/1000 -> 0.075 | I49: =G49+H49 -> 1.715 | J49: =0.006165*E49^2*G49 -> 1.01106 | K49: =ROUNDUP(950/100,0) -> 10 | L49: =K49*J49*H49 -> 0.758295
K50: BERAT TOTAL | L50: =SUM(L46:L49) -> 4.4938707
A52: Tangga Maid | B52: LUAS | C52: LEBAR | D52: VOL.BETON | E52: BERAT BESI (KG) | F52: Bekisting | G52: ARAH Y | L52: ARAH X
G53: PANJANG | H53: TULANGAN | I53: JUMLAH | J53: BERAT/PCS | K53: BERAT TOTAL | L53: PANJANG | M53: PENJANGKARAN | N53: TOTAL | O53: TULANGAN | P53: JUMLAH | Q53: BERAT/PCS | R53: BERAT TOTAL
A54: Pot 4a | B54: =20.69586/5^2 -> 0.8278344 | C54: 0.95 | D54: =B54*C54 -> 0.78644268 | E54: =(SUM(K54:K55)+SUM(R54:R55)) -> 119.03011 | G54: =(23.011+26.845+4.418+7.677)/5 -> 12.3902 | H54: 13 | I54: =ROUNDUP(950/200,0) -> 5 | J54: =0.006165*H54^2 -> 1.041885 | K54: =J54*I54*G54 -> 64.545818 | L54: =(950-2*40)/1000 -> 0.87 | M54: =2*$F$1*O54/1000 -> 0.24 | N54: =L54+M54 -> 1.11 | O54: 10 | P54: 50 | Q54: =0.006165*O54^2 -> 0.6165 | R54: =N54*Q54*P54 -> 34.21575
G55: =3.608*P55/5 -> 7.9376 | H55: 8 | I55: =ROUNDUP(950/200,0) -> 5 | J55: =0.006165*H55^2 -> 0.39456 | K55: =J55*I55*G55 -> 15.659297 | L55: =(950-2*40)/1000 -> 0.87 | M55: =2*$F$1*O55/1000 -> 0.192 | N55: =L55+M55 -> 1.062 | O55: 8 | P55: 11 | Q55: =0.006165*O55^2 -> 0.39456 | R55: =N55*Q55*P55 -> 4.6092499
A56: Pot 4b | B56: =20.154729/5^2 -> 0.80618916 | C56: 0.95 | D56: =B56*C56 -> 0.7658797 | E56: =(SUM(K56:K57)+SUM(R56:R57))+$L$25 -> 128.65136 | G56: =(9.9+26.402+25.188+8.358)/5 -> 13.9696 | H56: 13 | I56: =ROUNDUP(950/200,0) -> 5 | J56: =0.006165*H56^2 -> 1.041885 | K56: =J56*I56*G56 -> 72.773583 | L56: =(950-2*40)/1000 -> 0.87 | M56: =2*$F$1*O56/1000 -> 0.24 | N56: =L56+M56 -> 1.11 | O56: 10 | P56: 46 | Q56: =0.006165*O56^2 -> 0.6165 | R56: =N56*Q56*P56 -> 31.47849
G57: =3.608*P57/5 -> 7.216 | H57: 8 | I57: =ROUNDUP(950/200,0) -> 5 | J57: =0.006165*H57^2 -> 0.39456 | K57: =J57*I57*G57 -> 14.235725 | L57: =(950-2*40)/1000 -> 0.87 | M57: =2*$F$1*O57/1000 -> 0.192 | N57: =L57+M57 -> 1.062 | O57: 8 | P57: 10 | Q57: =0.006165*O57^2 -> 0.39456 | R57: =N57*Q57*P57 -> 4.1902272
A58: Balok bordes 450/200 | B58: =450*200/1000000 -> 0.09 | C58: 1.9 | D58: =B58*C58 -> 0.171 | E58: =$L$43 -> 2.5239313
A60: Pot 4c (lt1) | B60: =25.613851/5^2 -> 1.024554 | C60: 0.95 | D60: =B60*C60 -> 0.97332634 | E60: =(SUM(K60:K61)+SUM(R60:R61))+$L$25 -> 138.43829 | G60: =(6.024+30.902+28.657+7.708)/5 -> 14.6582 | H60: 13 | I60: =ROUNDUP(950/200,0) -> 5 | J60: =0.006165*H60^2 -> 1.041885 | K60: =J60*I60*G60 -> 76.360794 | L60: =(950-2*40)/1000 -> 0.87 | M60: =2*$F$1*O60/1000 -> 0.24 | N60: =L60+M60 -> 1.11 | O60: 10 | P60: 46 | Q60: =0.006165*O60^2 -> 0.6165 | R60: =N60*Q60*P60 -> 31.47849
G61: =3.739*P61/5 -> 9.7214 | H61: 8 | I61: =ROUNDUP(950/200,0) -> 5 | J61: =0.006165*H61^2 -> 0.39456 | K61: =J61*I61*G61 -> 19.178378 | L61: =(950-2*40)/1000 -> 0.87 | M61: =2*$F$1*O61/1000 -> 0.192 | N61: =L61+M61 -> 1.062 | O61: 8 | P61: 13 | Q61: =0.006165*O61^2 -> 0.39456 | R61: =N61*Q61*P61 -> 5.4472954
A62: Balok bordes 450/200 | B62: =450*200/1000000 -> 0.09 | C62: 0.95 | D62: =B62*C62 -> 0.0855 | E62: =$L$43 -> 2.5239313
A64: Pot 4d (lt1) | B64: =30.733079/5^2 -> 1.2293232 | C64: 0.95 | D64: =B64*C64 -> 1.167857 | E64: =(SUM(K64:K65)+SUM(R64:R65))+$L$25 -> 167.47758 | G64: =(10.7+12.982+31.753+26.465+8.754)/5 -> 18.1308 | H64: 13 | I64: =ROUNDUP(950/200,0) -> 5 | J64: =0.006165*H64^2 -> 1.041885 | K64: =J64*I64*G64 -> 94.451043 | L64: =(950-2*40)/1000 -> 0.87 | M64: =2*$F$1*O64/1000 -> 0.24 | N64: =L64+M64 -> 1.11 | O64: 10 | P64: 62 | Q64: =0.006165*O64^2 -> 0.6165 | R64: =N64*Q64*P64 -> 42.42753
G65: =3.739*P65/5 -> 9.7214 | H65: 8 | I65: =ROUNDUP(950/200,0) -> 5 | J65: =0.006165*H65^2 -> 0.39456 | K65: =J65*I65*G65 -> 19.178378 | L65: =(950-2*40)/1000 -> 0.87 | M65: =2*$F$1*O65/1000 -> 0.192 | N65: =L65+M65 -> 1.062 | O65: 8 | P65: 13 | Q65: =0.006165*O65^2 -> 0.39456 | R65: =N65*Q65*P65 -> 5.4472954
A66: Balok bordes 700/200 | B66: =700*200/1000000 -> 0.14 | C66: 0.95 | D66: =B66*C66 -> 0.133 | E66: =$L$50 -> 4.4938707
A68: Pot 4e (lt1) | B68: =1.268789/5^2 -> 0.05075156 | C68: 0.95 | D68: =B68*C68 -> 0.048213982 | E68: =(SUM(K68:K69)+SUM(R68:R69))+$L$25 -> 51.852744 | G68: =(9.783+9.408+6.909+6.115)/5 -> 6.443 | H68: 13 | I68: =ROUNDUP(950/200,0) -> 5 | J68: =0.006165*H68^2 -> 1.041885 | K68: =J68*I68*G68 -> 33.564325 | L68: =(950-2*40)/1000 -> 0.87 | M68: =2*$F$1*O68/1000 -> 0.312 | N68: =L68+M68 -> 1.182 | O68: 13 | P68: 10 | Q68: =0.006165*O68^2 -> 1.041885 | R68: =N68*Q68*P68 -> 12.315081
A70: Pot 4c (lt2) | B70: =25.613851/5^2 -> 1.024554 | C70: 0.95 | D70: =B70*C70 -> 0.97332634 | E70: =(SUM(K70:K71)+SUM(R70:R71))+$L$25 -> 138.43829 | G70: =(6.024+30.902+28.657+7.708)/5 -> 14.6582 | H70: 13 | I70: =ROUNDUP(950/200,0) -> 5 | J70: =0.006165*H70^2 -> 1.041885 | K70: =J70*I70*G70 -> 76.360794 | L70: =(950-2*40)/1000 -> 0.87 | M70: =2*$F$1*O70/1000 -> 0.24 | N70: =L70+M70 -> 1.11 | O70: 10 | P70: 46 | Q70: =0.006165*O70^2 -> 0.6165 | R70: =N70*Q70*P70 -> 31.47849
G71: =3.739*P71/5 -> 9.7214 | H71: 8 | I71: =ROUNDUP(950/200,0) -> 5 | J71: =0.006165*H71^2 -> 0.39456 | K71: =J71*I71*G71 -> 19.178378 | L71: =(950-2*40)/1000 -> 0.87 | M71: =2*$F$1*O71/1000 -> 0.192 | N71: =L71+M71 -> 1.062 | O71: 8 | P71: 13 | Q71: =0.006165*O71^2 -> 0.39456 | R71: =N71*Q71*P71 -> 5.4472954
A72: Pot 4d (lt1) | B72: =30.733079/5^2 -> 1.2293232 | C72: 0.95 | D72: =B72*C72 -> 1.167857 | E72: =(SUM(K72:K73)+SUM(R72:R73))+$L$25 -> 167.47758 | G72: =(10.7+12.982+31.753+26.465+8.754)/5 -> 18.1308 | H72: 13 | I72: =ROUNDUP(950/200,0) -> 5 | J72: =0.006165*H72^2 -> 1.041885 | K72: =J72*I72*G72 -> 94.451043 | L72: =(950-2*40)/1000 -> 0.87 | M72: =2*$F$1*O72/1000 -> 0.24 | N72: =L72+M72 -> 1.11 | O72: 10 | P72: 62 | Q72: =0.006165*O72^2 -> 0.6165 | R72: =N72*Q72*P72 -> 42.42753
G73: =3.739*P73/5 -> 9.7214 | H73: 8 | I73: =ROUNDUP(950/200,0) -> 5 | J73: =0.006165*H73^2 -> 0.39456 | K73: =J73*I73*G73 -> 19.178378 | L73: =(950-2*40)/1000 -> 0.87 | M73: =2*$F$1*O73/1000 -> 0.192 | N73: =L73+M73 -> 1.062 | O73: 8 | P73: 13 | Q73: =0.006165*O73^2 -> 0.39456 | R73: =N73*Q73*P73 -> 5.4472954
A74: Balok bordes 450/200 | B74: =450*200/1000000 -> 0.09 | C74: 1.9 | D74: =B74*C74 -> 0.171 | E74: =$L$43 -> 2.5239313
B76: total | C76: Basement | D76: =SUM(D54:D59) -> 1.7233224 | E76: =SUM(E54:E59) -> 250.20541
C77: LT 1 | D77: =SUM(D60:D69) -> 2.4078973 | E77: =SUM(E60:E69) -> 364.78642
C78: LT 2 | D78: =SUM(D70:D75) -> 2.3121833 | E78: =SUM(E70:E75) -> 308.43981
A80: Tangga mezzanine | B80: LUAS | C80: LEBAR | D80: VOL.BETON | E80: BERAT BESI (KG) | F80: Bekisting | G80: ARAH Y | L80: ARAH X
G81: PANJANG | H81: TULANGAN | I81: JUMLAH | J81: BERAT/PCS | K81: BERAT TOTAL | L81: PANJANG | M81: PENJANGKARAN | N81: TOTAL | O81: TULANGAN | P81: JUMLAH | Q81: BERAT/PCS | R81: BERAT TOTAL
A82: Pot 2a | B82: =19.323093/5^2 -> 0.77292372 | C82: 0.85 | D82: =B82*C82 -> 0.65698516 | E82: =(SUM(K82:K83)+SUM(R82:R83)) -> 92.505381 | G82: =(4.754+25.126+24.484+6.318)/5 -> 12.1364 | H82: 10 | I82: =ROUNDUP(850/150,0) -> 6 | J82: =0.006165*H82^2 -> 0.6165 | K82: =J82*I82*G82 -> 44.892544 | L82: =(850-2*40)/1000 -> 0.77 | M82: =2*$F$1*O82/1000 -> 0.24 | N82: =L82+M82 -> 1.01 | O82: 10 | P82: 42 | Q82: =0.006165*O82^2 -> 0.6165 | R82: =N82*Q82*P82 -> 26.15193
G83: =3.222*P83/5 -> 8.3772 | H83: 8 | I83: =ROUNDUP(850/200,0) -> 5 | J83: =0.006165*H83^2 -> 0.39456 | K83: =J83*I83*G83 -> 16.52654 | L83: =(850-2*40)/1000 -> 0.77 | M83: =2*$F$1*O83/1000 -> 0.192 | N83: =L83+M83 -> 0.962 | O83: 8 | P83: 13 | Q83: =0.006165*O83^2 -> 0.39456 | R83: =N83*Q83*P83 -> 4.9343674
B84: total | C84: mezzanine | D84: =SUM(D82:D83) -> 0.65698516 | E84: =SUM(E82:E83) -> 92.505381
D87: luas m2 | E87: panjang m | G87: volume m3
C88: Atap aspal | D88: 0.088525 | E88: 60.58 | G88: =D88*E88 -> 5.3628445
D90: pl
D97: =SQRT((PI()*(4/4)*3.1)^2+(4)^2)*(360-108)/360 -> 7.3698698

Sheet COVER
A1: Estimasi Biaya Pembangunan Fisik Rumah Tinggal
A2: Lokasi | B2: ='REKAP RAB'!B2 -> : Citraland Emerald Mansion
A3: Pemilik | B3: ='REKAP RAB'!B3 -> : Ms. Ernawati
A4: Tanggal | B4: ='REKAP RAB'!B4 -> : Januari 2026
B7: REKAPITULASI TOTAL:
E8: PENAWARAN | H8: NETTO
A9: A | B9: ='REKAP RAB'!B9 -> Pekerjaan Fisik Bangunan Utama | E9: ='REKAP RAB'!F9 -> 4.5919993e+09 | H9: ='REKAP RAB'!O39 -> 3.9874836e+09
A10: B | B10: ='REKAP RAB'!B10 -> Pekerjaan Persiapan, Cut & Fill, dan Anti Rayap | E10: ='REKAP RAB'!F10 -> 4.6681389e+08 | H10: ='REKAP RAB'!O67 -> 4.3209009e+08
F11: + | I11: +
C12: GRAND TOTAL | E12: =E9+E10 -> 5.0588132e+09 | H12: =H9+H10 -> 4.4195737e+09
A14: Luas : | B14: ='REKAP RAB'!J13 -> - Lantai 1 | C14: ='REKAP RAB'!K13 -> 288.09378
B15: ='REKAP RAB'!J14 -> - Lantai 2 | C15: ='REKAP RAB'!K14 -> 185.72976
B16: ='REKAP RAB'!J15 -> - Lantai 3 | C16: ='REKAP RAB'!K15 -> 192.46181
B17: ='REKAP RAB'!J16 -> - Lantai Atap | C17: ='REKAP RAB'!K16 -> 132.48145
B19: Total Luas Bangunan | C19: =SUM(C14:C18) -> 798.7668 | D19: m2
B21: Harga Bangunan Fisik | C21: =SUM(E9:E9)/C19 -> 5748861 | D21: /m2 | E21: (TOTAL A)
B22: Harga Bangunan Fisik NETTO | C22: =SUM(H9:H9)/C19 -> 4992049.8 | D22: /m2 | E22: (TOTAL A)
B24: Simpanan profit FISIK | C24: =C21/C22-1 -> 0.15160329 | E24: (belum termasuk potongan PPh)
B28: Komposisi RAB (netto):
B30: Material
B31: Upah | E31: (borongan mandor)
B32: Peralatan | E32: (scaffolding, concrete pump, dsb)
B33: Subkon | E33: (cut & fill, pancang, baja, septic tank)
B34: Preliminary
B36: TOTAL NETTO

Sheet REKAP RAB
A1: Estimasi Biaya Pembangunan Fisik Rumah Tinggal
A2: Lokasi | B2: : Citraland Emerald Mansion | N2: Pek. Tanah | O2: 1.1 | R2: Benangan | S2: A
A3: Pemilik | B3: : Ms. Ernawati | J3: FAKTOR KALI VOLUME (BETON, TANAH, DAN DINDING) | K3: 1 | N3: Pek. Tiang Pancang | O3: 1.08 | R3: Screed | S3: A
A4: Tanggal | B4: : Januari 2026 | J4: (spare untuk nego. Yang dikalikan faktor ini: balok, kolom, pas. Dinding, gali, urug) | N4: Pek. Pondasi Strauss | O4: a
N5: Pek. Beton Borongan | O5: 1.15
N6: Pek. Baja & Atap | O6: 1.15
B7: REKAPITULASI TOTAL: | N7: Pek. Pasangan Dinding | O7: 1.15
J8: Catatan : | N8: Pek. Saluran | O8: 1.13
A9: A | B9: Pekerjaan Fisik Bangunan Utama | F9: ='REKAP RAB'!F39 -> 4.5919993e+09
A10: B | B10: Pekerjaan Persiapan, Cut & Fill, dan Anti Rayap | F10: =F67 -> 4.6681389e+08 | G10: +
E12: GRAND TOTAL | F12: =F9+F10 -> 5.0588132e+09 | J12: Luas :
J13: - Lantai 1 | K13: ='REKAP Plat'!F18 -> 288.09378
J14: - Lantai 2 | K14: ='REKAP Plat'!F36 -> 185.72976
J15: - Lantai 3 | K15: ='REKAP Plat'!F44 -> 192.46181
J16: - Lantai Atap | K16: ='REKAP Plat'!F51+(188.091565-27.826308)*0.7 -> 132.48145
L18: m2
K19: =SUM(K13:K18) -> 798.7668 | L19: m2 | O19: =SUM(O39,O67) -> 4.4195737e+09
I21: 2 | J21: Harga Bangunan Fisik | K21: =F9/K19 -> 5748861 | L21: /m2 | O21: =O39/K19 -> 4992049.8 | P21: /m2 | Q21: =K21/O21-1 -> 0.15160329
J22: Harga Bangunan Fisik Total (incl. pancang, cut & fill, anti rayap) | K22: =SUM(F9:F9)/K19 -> 5748861 | L22: /m2 | O22: =SUM(O39,O67)/K19 -> 5532996.3 | P22: /m2 | Q22: =K22/O22-1 -> 0.039014066
O24: =O23*1.1265*K19 -> 0
K25: Nilai Kontrak (incl. overhead) | L25: Perubahan (+ / -)
B26: REKAPITULASI (A):
B27: Pekerjaan Fisik Bangunan Utama | J27: draft R0 dari Julius | K27: =F12 -> 5.0588132e+09
L28: =K28-K27 -> -5.0588132e+09
A29: I | B29: Pekerjaan Persiapan | F29: ='RAB (A)'!F20 -> 132545000 | L29: =K29-K28 -> 0 | O29: ='RAB (A)'!O20 -> 132545000
A30: II | B30: Pekerjaan Tanah | F30: ='RAB (A)'!F29 -> 1.5220573e+08 | L30: =K30-K29 -> 0 | O30: ='RAB (A)'!O29 -> 1.3661499e+08
A31: III | B31: Pekerjaan Fisik Lantai 1 | F31: ='RAB (A)'!F139 -> 1.1468596e+09 | L31: =K31-K30 -> 0 | O31: ='RAB (A)'!O139 -> 9.681536e+08
A32: IV | B32: Pekerjaan Fisik Lantai 2 | F32: ='RAB (A)'!F172 -> 6.0809407e+08 | L32: =K32-K31 -> 0 | O32: ='RAB (A)'!O172 -> 5.5168903e+08
A33: V | B33: Pekerjaan Fisik Lantai 3 | F33: ='RAB (A)'!F201 -> 5.3502792e+08 | L33: =K33-K32 -> 0 | O33: ='RAB (A)'!O201 -> 4.4016469e+08
A34: VI | B34: Pekerjaan Fisik Lantai Atap | F34: ='RAB (A)'!F219 -> 1.8576073e+08 | L34: =K34-K33 -> 0 | O34: ='RAB (A)'!O219 -> 1.6153107e+08
A35: VII | B35: Pekerjaan Baja dan Penutup Atap | F35: ='RAB (A)'!F237 -> 5.0334171e+08 | L35: =K35-K34 -> 0 | O35: ='RAB (A)'!O237 -> 4.3786101e+08
A36: VIII | B36: Pekerjaan Pasangan Dinding Bata Merah | F36: ='RAB (A)'!F266 -> 1.0683552e+09 | L36: =K36-K35 -> 0 | O36: ='RAB (A)'!O266 -> 9.2900453e+08
A37: IX | B37: Pekerjaan Instalasi Air Kotor & Air Hujan | F37: ='RAB (A)'!F280 -> 2.5980928e+08 | G37: + | L37: =K37-K36 -> 0 | O37: ='RAB (A)'!O280 -> 2.2991972e+08 | P37: +
L38: =K38-K37 -> 0
E39: TOTAL (A): | F39: =SUM(F29:F37) -> 4.5919993e+09 | L39: =K39-K38 -> 0 | O39: =SUM(O29:O37) -> 3.9874836e+09
B40: KETERANGAN : | L40: =K40-#REF! -> #REF!
A41: 1 | B41: Pekerjaan di atas hanya pekerjaan fisik bangunan saja sesuai dengan perincian yang tertulis.
A42: 2 | B42: Belum termasuk pekerjaan:
B43: - Lisplank dan badugan
B44: - Penebalan dinding untuk keperluan finishing
B45: - Kaca kanopi dan aksesorisnya
A46: 3 | B46: Perincian pekerjaan di atas belum termasuk biaya :
B47: - Perizinan seperti IMB, penyambungan PLN, PDAM
B48: - PPN & pajak-pajak lainnya
B49: - Pekerjaan instalasi air bersih.
A50: 4 | B50: Belum termasuk pekerjaan Pekerjaan Finishing, Mekanikal, Elektrikal, dan Elektronik, antara lain :
B51: - Instalasi kabel telepon, TV & CCTV serta penangkal petir
B52: - Pekerjaan instalasi pemipaan air bersih
B53: - Pekerjaan pemasangan batu alam & keramik
B54: - Pekerjaan waterproofing dan pengecatan
B55: - Pekerjaan plafond dan kelengkapannya (rangka dan lis / shadow line, drop ceiling, dan cove lampu)
B56: - Pekerjaan taman (tanah subur dan pohon + rumputnya)
B57: - Benangan / profile
B58: - Tandon atas
A59: 5 | B59: Mutu beton struktur menggunakan K-350
B60: REKAPITULASI (B):
B61: Pekerjaan Persiapan, Cut & Fill, dan Anti Rayap
A63: I | B63: Pekerjaan Cut & Fill | F63: ='RAB (B)'!F15 -> 128612725 | O63: ='RAB (B)'!O15 -> 117829750
A64: II | B64: Pekerjaan Pondasi | F64: ='RAB (B)'!F26 -> 3.1767253e+08 | O64: ='RAB (B)'!O26 -> 2.9525234e+08
A65: III | B65: Pekerjaan Anti Rayap | F65: ='RAB (B)'!F33 -> 20528640 | G65: + | O65: ='RAB (B)'!O33 -> 19008000 | P65: +
E67: TOTAL (B): | F67: =SUM(F63:F65) -> 4.6681389e+08 | O67: =SUM(O63:O65) -> 4.3209009e+08
B68: KETERANGAN :
A69: 1 | B69: Asumsi harga cut and fill dengan syarat tanah dibuang ke luar (bukan dipindah ke lahan milik owner)

Sheet RAB (B)
A1: Estimasi Biaya Pembangunan Fisik Rumah Tinggal
A2: Pekerjaan | B2: : Pekerjaan Persiapan, Cut & Fill, dan Pondasi
A3: Lokasi | B3: ='REKAP RAB'!B2 -> : Citraland Emerald Mansion
A4: Pemilik | B4: ='REKAP RAB'!B3 -> : Ms. Ernawati
A5: Tanggal | B5: ='REKAP RAB'!B4 -> : Januari 2026
R6: Beton | V6: Bekisting | Z6: Besi | AC6: Wire Mesh
A7: NO | B7: URAIAN PEKERJAAN | C7: SAT | D7: VOLUME | E7: HARGA SATUAN | F7: TOTAL HARGA | H7: VOLUME | I7: Material | J7: Upah | K7: Peralatan | L7: Subkon | M7: Prelim | N7: TOTAL HARGA SATUAN | O7: TOTAL HARGA | R7: Material | S7: Upah | T7: Peralatan | V7: Rasio | W7: Material | X7: Peralatan | Z7: Rasio | AA7: Material | AC7: Rasio | AD7: Material | AF7: Harga Jadi MATERIAL / m3 | AG7: Harga Jadi UPAH / m3 | AH7: Harga Jadi PERALATAN / m3 | AJ7: Total Bekisting | AL7: Total Besi
A9: I | B9: PEKERJAAN CUT & FILL
A11: 1 | B11: Cut and fill untuk persiapan pemancangan | C11: ls | D11: =H11 -> 1 | E11: =N11*'REKAP RAB'!$O$2 -> 39537575 | F11: =D11*E11 -> 39537575 | H11: 1 | L11: =((22+1.5)*(20+3)*0.95)*70000 -> 35943250 | N11: =SUM(I11:M11) -> 35943250 | O11: =H11*N11 -> 35943250 | P11: existing + 40cm dari jalan
A12: 2 | B12: Urugan sirtu rata untuk pekerjaan pondasi | C12: ls | D12: =H12 -> 1 | E12: =N12*'REKAP RAB'!$O$2 -> 79075150 | F12: =D12*E12 -> 79075150 | H12: 1 | L12: =((22+1.5)*(20+3)*0.7)*190000 -> 71886500 | N12: =SUM(I12:M12) -> 71886500 | O12: =H12*N12 -> 71886500 | P12: asumsi fill 70 cm (finish +15 cm dari jalan) | AF12: =R12+V12*W12+Z12*AA12 -> 0 | AG12: =S12 -> 0 | AH12: =T12+V12*X12 -> 0
A13: 3 | B13: Mobilisasi / demobilisasi alat+izin masuk | C13: ls | D13: 1 | E13: =N13 -> 10000000 | F13: =D13*E13 -> 10000000 | H13: 1 | L13: 10000000 | N13: =SUM(I13:M13) -> 10000000 | O13: =H13*N13 -> 10000000 | P13: jadi tebal cut 95 Cm, fill 70 cm
A15: Subtotal Pekerjaan Cut & Fill | F15: =SUM(F8:F14) -> 128612725 | O15: =SUM(O8:O14) -> 117829750
A17: II | B17: PEKERJAAN PONDASI
A19: 1 | B19: Mobilisasi / demobilisasi alat+izin masuk | C19: ls | D19: =H19 -> 1 | E19: =N19 -> 15000000 | F19: =D19*E19 -> 15000000 | H19: 1 | L19: =15000000 -> 15000000 | N19: =SUM(I19:M19) -> 15000000 | O19: =H19*N19 -> 15000000 | P19: (pancang + borepile + kolam borepile)
A20: 2 | B20: Mini Pile 20 x 20 cm (asumsi panjang tiang 12 meter) | C20: titik | D20: =H20 -> 74 | E20: =N20*'REKAP RAB'!$O$3 -> 2181816 | F20: =D20*E20 -> 161454384 | H20: ='REKAP-PC'!E22 -> 74 | L20: =((97500+27500)+5000)*1.11*14 -> 2020200 | N20: =SUM(I20:M20) -> 2020200 | O20: =H20*N20 -> 149494800 | P20: 14M | T20: 0
A21: 3 | B21: Kepras mini pile | C21: titik | D21: =H21 -> 74 | E21: =N21*'REKAP RAB'!$O$3 -> 108000 | F21: =D21*E21 -> 7992000 | G21: =74*13 -> 962 | H21: =H20 -> 74 | J21: 100000 | N21: =SUM(I21:M21) -> 100000 | O21: =H21*N21 -> 7400000
A22: 4 | B22: Bored Pile dia 30cm (panjang tiang 12 meter) | C22: titik | D22: =H22 -> 21 | E22: =N22*'REKAP RAB'!$O$3 -> 5264102.1 | F22: =D22*E22 -> 1.1054615e+08 | H22: ='REKAP-PC'!F22 -> 21 | I22: =Analisa!F282 -> 2424168.7 | J22: =Analisa!G282 -> 2450000 | N22: =SUM(I22:M22) -> 4874168.7 | O22: =H22*N22 -> 1.0235754e+08 | P22: 14M
A23: 5 | B23: Bobok bored pile | C23: titik | D23: =H23 -> 21 | E23: =N23*'REKAP RAB'!$O$3 -> 108000 | F23: =D23*E23 -> 2268000 | H23: =H22 -> 21 | J23: 100000 | N23: =SUM(I23:M23) -> 100000 | O23: =H23*N23 -> 2100000
A24: 6 | B24: Buang lumpur bekas galian bored pile | C24: ls | D24: =H24 -> 1 | E24: =N24*'REKAP RAB'!$O$3 -> 20412000 | F24: =D24*E24 -> 20412000 | H24: 1 | J24: =H23*1.5*600000 -> 18900000 | N24: =SUM(I24:M24) -> 18900000 | O24: =H24*N24 -> 18900000
A26: Subtotal Pekerjaan Cut & Fill | F26: =SUM(F16:F25) -> 3.1767253e+08 | O26: =SUM(O16:O25) -> 2.9525234e+08
A28: III | B28: PEKERJAAN ANTI RAYAP
A30: 1 | B30: Anti rayap sistem injeksi tanah | C30: m2 | D30: =H30 -> 440 | E30: =N30*'REKAP RAB'!$O$3 -> 29160 | F30: =D30*E30 -> 12830400 | H30: =22*20 -> 440 | L30: 27000 | N30: =SUM(I30:M30) -> 27000 | O30: =H30*N30 -> 11880000
A31: 2 | B31: Sistem pipa | C31: m2 | D31: =H31 -> 264 | E31: =N31*'REKAP RAB'!$O$3 -> 29160 | F31: =D31*E31 -> 7698240 | H31: =H30*0.6 -> 264 | L31: 27000 | N31: =SUM(I31:M31) -> 27000 | O31: =H31*N31 -> 7128000
A33: Subtotal Pekerjaan Anti Rayap | F33: =SUM(F27:F32) -> 20528640 | O33: =SUM(O27:O32) -> 19008000
R34: =SUMPRODUCT(#REF!,#REF!) -> #REF! | X34: =SUMPRODUCT(#REF!,#REF!,#REF!) -> #REF!
F35: =SUM(F8:F34)/2 -> 4.6681389e+08 | H35: TOTAL | I35: =SUMPRODUCT(H8:H33,I8:I33) -> 50907542 | J35: =SUMPRODUCT(H8:H33,J8:J33) -> 79850000 | K35: =SUMPRODUCT(H8:H33,K8:K33) -> 0 | L35: =SUMPRODUCT(H8:H33,L8:L33) -> 301332550 | M35: =SUMPRODUCT(H8:H33,M8:M33) -> 0 | O35: =SUM(O8:O34)/2 -> 4.3209009e+08 | R35: jatah concrete pump | X35: jatah scaffolding
H36: TOTAL / m2 | I36: =I35/'REKAP RAB'!$K$13 -> 176704.76 | J36: =J35/'REKAP RAB'!$K$13 -> 277166.69 | K36: =K35/'REKAP RAB'!$K$13 -> 0 | L36: =L35/'REKAP RAB'!$K$13 -> 1045953 | M36: =M35/'REKAP RAB'!$K$13 -> 0 | O36: =O35/'REKAP RAB'!$K$19 -> 540946.48

Sheet REKAP BETON BESI BEKISTING
A1: Lantai | B1: Luas Bangunan | C1: Elemen Struktur | D1: Beton | E1: Bekisting | H1: Besi | U1: Rasio per Lantai
E2: Kayu | F2: Lantai Kerja | G2: Bata / Batako | H2: 6 | I2: 8 | J2: 10 | K2: 13 | L2: 16 | M2: 19 | N2: 22 | O2: 25 | P2: 29 | Q2: 32 | S2: TOTAL BESI | U2: Beton (m3/m2) | V2: Bekisting (m2/m3) | W2: Besi (kg/m3)
A5: Lantai Basement | B5: ='REKAP Plat'!F18 -> 288.09378 | C5: Pile cap | D5: ='REKAP-PC'!B22 -> 24.540556 | F5: ='REKAP-PC'!I22 -> 6.5491084 | G5: ='REKAP-PC'!C22 -> 91.046591 | H5: ='REKAP-PC'!J22 -> 0 | I5: ='REKAP-PC'!K22 -> 0 | J5: ='REKAP-PC'!L22 -> 0 | K5: ='REKAP-PC'!M22 -> 1434.9648 | L5: ='REKAP-PC'!N22 -> 1823.2823 | M5: ='REKAP-PC'!O22 -> 273.15917 | N5: ='REKAP-PC'!P22 -> 0 | O5: ='REKAP-PC'!Q22 -> 0 | P5: 0 | Q5: 0 | S5: =SUM(H5:Q5) -> 3531.4063 | V5: =SUM(E5:G5)/D5 -> 3.9769148 | W5: =S5/D5 -> 143.90083
C6: Kolom Lantai Basement | D6: ='Hasil-Kolom'!F165 -> 28.902461 | E6: ='Hasil-Kolom'!G165 -> 388.61904 | I6: ='Hasil-Kolom'!H165 -> 0 | J6: ='Hasil-Kolom'!I165+'Hasil-Kolom'!L165 -> 2736.2721 | K6: ='Hasil-Kolom'!J165+'Hasil-Kolom'!M165 -> 0 | L6: ='Hasil-Kolom'!K165+'Hasil-Kolom'!N165 -> 4392.6838 | M6: ='Hasil-Kolom'!O165 -> 0 | N6: ='Hasil-Kolom'!P165 -> 0 | O6: ='Hasil-Kolom'!Q165 -> 0 | P6: ='Hasil-Kolom'!R165 -> 0 | S6: =SUM(H6:Q6) -> 7128.9559 | V6: =SUM(E6:G6)/D6 -> 13.445881 | W6: =S6/D6 -> 246.65567
C7: Balok Lantai Basement | D7: ='REKAP Balok'!G281 -> 32.3541 | E7: ='REKAP Balok'!H281 -> 300.411 | F7: ='REKAP Balok'!J281 -> 9.1139 | H7: ='REKAP Balok'!L281 -> 0 | I7: ='REKAP Balok'!M281 -> 1110.134 | J7: ='REKAP Balok'!N281 -> 495.60509 | K7: ='REKAP Balok'!O281 -> 1121.8203 | L7: ='REKAP Balok'!P281 -> 3096.1041 | M7: ='REKAP Balok'!Q281 -> 0 | N7: ='REKAP Balok'!R281 -> 0 | O7: ='REKAP Balok'!S281 -> 0 | P7: ='REKAP Balok'!T281 -> 0 | Q7: 0 | S7: =SUM(H7:Q7) -> 5823.6635 | V7: =SUM(E7:G7)/D7 -> 9.5667906 | W7: =S7/D7 -> 179.9977
C8: Retaining wall | D8: =SUM('Retaining Wall'!C162) -> 8.5733438 | E8: =SUM('Retaining Wall'!D162) -> 114.31125 | I8: =SUM('Retaining Wall'!E162) -> 0 | J8: =SUM('Retaining Wall'!F162) -> 1424.2568 | K8: =SUM('Retaining Wall'!G162) -> 0 | L8: =SUM('Retaining Wall'!H162) -> 0 | M8: =SUM('Retaining Wall'!I162) -> 0 | S8: =SUM(H8:Q8) -> 1424.2568 | V8: =SUM(E8:G8)/D8 -> 13.333333 | W8: =S8/D8 -> 166.12617
C9: Plat Lantai Bangunan | D9: ='REKAP Plat'!G18 -> 51.904365 | E9: ='REKAP Plat'!I18 -> 42.014415 | F9: ='REKAP Plat'!H18 -> 16.891977 | H9: 0 | I9: ='REKAP Plat'!N18 -> 0 | J9: ='REKAP Plat'!O18 -> 5672.7308 | K9: ='REKAP Plat'!P18 -> 0 | L9: ='REKAP Plat'!Q18 -> 0 | M9: ='REKAP Plat'!R18 -> 0 | N9: 0 | O9: 0 | P9: 0 | Q9: 0 | S9: =SUM(H9:Q9) -> 5672.7308 | V9: =SUM(E9:G9)/D9 -> 1.1349025 | W9: =S9/D9 -> 109.29198
U10: =SUM(D5:D9)/SUM(B5) -> 0.50773336 | V10: =SUM(E5:E9)/SUM(D5:D9) -> 5.779229 | W10: =SUM(H5:Q9)/SUM(D5:D9) -> 161.21033
A12: Lantai 1 | B12: ='REKAP Plat'!F51 -> 20.295768 | C12: Balok Lantai 1 | D12: ='REKAP Balok'!G332 -> 14.519641 | E12: ='REKAP Balok'!H332 -> 179.86435 | H12: ='REKAP Balok'!L332 -> 0 | I12: ='REKAP Balok'!M332 -> 140.51071 | J12: ='REKAP Balok'!N332 -> 768.95429 | K12: ='REKAP Balok'!O332 -> 1143.1415 | L12: ='REKAP Balok'!P332 -> 139.3144 | M12: ='REKAP Balok'!Q332 -> 0 | N12: ='REKAP Balok'!R332 -> 0 | O12: ='REKAP Balok'!S332 -> 0 | P12: ='REKAP Balok'!T332 -> 0 | Q12: 0 | S12: =SUM(H12:Q12) -> 2191.9209 | V12: =SUM(E12:G12)/D12 -> 12.387658 | W12: =S12/D12 -> 150.96247
C13: Plat Lantai | D13: ='REKAP Plat'!G51 -> 6.0887304 | E13: ='REKAP Plat'!I51 -> 45.939786 | F13: ='REKAP Plat'!H51 -> 0 | H13: 0 | I13: ='REKAP Plat'!N51 -> 0 | J13: ='REKAP Plat'!O51 -> 668.21462 | K13: ='REKAP Plat'!P51 -> 0 | L13: ='REKAP Plat'!Q51 -> 0 | M13: ='REKAP Plat'!R51 -> 0 | N13: 0 | O13: 0 | P13: 0 | Q13: 0 | S13: =SUM(H13:Q13) -> 668.21462 | V13: =SUM(E13:G13)/D13 -> 7.5450518 | W13: =S13/D13 -> 109.74613
C14: Retaining wall | D14: =SUM('Retaining Wall'!C170) -> 4.8345 | E14: =SUM('Retaining Wall'!D170) -> 64.46 | I14: =SUM('Retaining Wall'!E170) -> 0 | J14: =SUM('Retaining Wall'!F170) -> 638.8173 | K14: =SUM('Retaining Wall'!G170) -> 0 | L14: =SUM('Retaining Wall'!H170) -> 0 | M14: =SUM('Retaining Wall'!I170) -> 0 | S14: =SUM(H14:Q14) -> 638.8173 | V14: =SUM(E14:G14)/D14 -> 13.333333 | W14: =S14/D14 -> 132.1372
C15: Kolom | D15: ='Hasil-Kolom'!#REF! -> #REF! | E15: ='Hasil-Kolom'!#REF! -> #REF! | I15: ='Hasil-Kolom'!#REF! -> #REF! | J15: ='Hasil-Kolom'!#REF!+'Hasil-Kolom'!#REF! -> #REF! | K15: ='Hasil-Kolom'!#REF!+'Hasil-Kolom'!#REF! -> #REF! | L15: ='Hasil-Kolom'!#REF!+'Hasil-Kolom'!#REF! -> #REF! | M15: ='Hasil-Kolom'!#REF! -> #REF! | N15: ='Hasil-Kolom'!#REF! -> #REF! | O15: ='Hasil-Kolom'!#REF! -> #REF! | P15: ='Hasil-Kolom'!#REF! -> #REF! | S15: =SUM(H15:Q15) -> #REF! | V15: =SUM(E15:G15)/D15 -> #REF! | W15: =S15/D15 -> #REF!
U16: =SUM(D12:D15)/B12 -> #REF! | V16: =SUM(E8:E15)/SUM(D8:D15) -> #REF! | W16: =SUM(H8:Q15)/SUM(D8:D15) -> #REF!
A18: Lantai 2 | B18: ='REKAP Plat'!#REF! -> #REF! | C18: Balok Lantai 2 | D18: ='REKAP Balok'!#REF! -> #REF! | E18: ='REKAP Balok'!#REF! -> #REF! | H18: ='REKAP Balok'!#REF! -> #REF! | I18: ='REKAP Balok'!#REF! -> #REF! | J18: ='REKAP Balok'!#REF! -> #REF! | K18: ='REKAP Balok'!#REF! -> #REF! | L18: ='REKAP Balok'!#REF! -> #REF! | M18: ='REKAP Balok'!#REF! -> #REF! | N18: ='REKAP Balok'!#REF! -> #REF! | O18: ='REKAP Balok'!#REF! -> #REF! | P18: ='REKAP Balok'!#REF! -> #REF! | Q18: 0 | S18: =SUM(H18:Q18) -> #REF! | V18: =SUM(E18:G18)/D18 -> #REF! | W18: =S18/D18 -> #REF!
C19: Plat Lantai | D19: ='REKAP Plat'!#REF! -> #REF! | E19: ='REKAP Plat'!#REF! -> #REF! | H19: 0 | I19: ='REKAP Plat'!#REF! -> #REF! | J19: ='REKAP Plat'!#REF! -> #REF! | K19: ='REKAP Plat'!#REF! -> #REF! | L19: ='REKAP Plat'!#REF! -> #REF! | M19: ='REKAP Plat'!#REF! -> #REF! | N19: 0 | O19: 0 | P19: 0 | Q19: 0 | S19: =SUM(H19:Q19) -> #REF! | V19: =SUM(E19:G19)/D19 -> #REF! | W19: =S19/D19 -> #REF!
C20: Kolom | D20: ='Hasil-Kolom'!#REF! -> #REF! | E20: ='Hasil-Kolom'!#REF! -> #REF! | I20: ='Hasil-Kolom'!#REF! -> #REF! | J20: ='Hasil-Kolom'!#REF!+'Hasil-Kolom'!#REF! -> #REF! | K20: ='Hasil-Kolom'!#REF!+'Hasil-Kolom'!#REF! -> #REF! | L20: ='Hasil-Kolom'!#REF!+'Hasil-Kolom'!#REF! -> #REF! | M20: ='Hasil-Kolom'!#REF! -> #REF! | N20: ='Hasil-Kolom'!#REF! -> #REF! | O20: ='Hasil-Kolom'!#REF! -> #REF! | P20: ='Hasil-Kolom'!#REF! -> #REF! | S20: =SUM(H20:Q20) -> #REF! | V20: =SUM(E20:G20)/D20 -> #REF! | W20: =S20/D20 -> #REF!
U21: =SUM(D18:D20)/B18 -> #REF! | V21: =SUM(E18:E20)/SUM(D18:D20) -> #REF! | W21: =SUM(H18:Q20)/SUM(D18:D20) -> #REF!
A23: Lantai 3 | B23: ='REKAP Plat'!#REF! -> #REF! | C23: Balok Lantai 3 | D23: ='REKAP Balok'!#REF! -> #REF! | E23: ='REKAP Balok'!#REF! -> #REF! | H23: ='REKAP Balok'!#REF! -> #REF! | I23: ='REKAP Balok'!#REF! -> #REF! | J23: ='REKAP Balok'!#REF! -> #REF! | K23: ='REKAP Balok'!#REF! -> #REF! | L23: ='REKAP Balok'!#REF! -> #REF! | M23: ='REKAP Balok'!#REF! -> #REF! | N23: ='REKAP Balok'!#REF! -> #REF! | O23: ='REKAP Balok'!#REF! -> #REF! | P23: ='REKAP Balok'!#REF! -> #REF! | Q23: 0 | S23: =SUM(H23:Q23) -> #REF! | V23: =SUM(E23:G23)/D23 -> #REF! | W23: =S23/D23 -> #REF!
C24: Plat Lantai | D24: ='REKAP Plat'!#REF! -> #REF! | E24: ='REKAP Plat'!#REF! -> #REF! | H24: 0 | I24: ='REKAP Plat'!#REF! -> #REF! | J24: ='REKAP Plat'!#REF! -> #REF! | K24: ='REKAP Plat'!#REF! -> #REF! | L24: ='REKAP Plat'!#REF! -> #REF! | M24: ='REKAP Plat'!#REF! -> #REF! | N24: 0 | O24: 0 | P24: 0 | Q24: 0 | S24: =SUM(H24:Q24) -> #REF! | V24: =SUM(E24:G24)/D24 -> #REF! | W24: =S24/D24 -> #REF!
C25: Retaining wall | D25: =SUM('Retaining Wall'!#REF!) -> #REF! | E25: =SUM('Retaining Wall'!#REF!) -> #REF! | I25: =SUM('Retaining Wall'!#REF!) -> #REF! | J25: =SUM('Retaining Wall'!#REF!) -> #REF! | K25: =SUM('Retaining Wall'!#REF!) -> #REF! | L25: =SUM('Retaining Wall'!#REF!) -> #REF! | M25: =SUM('Retaining Wall'!I188) -> 0 | S25: =SUM(H25:Q25) -> #REF! | V25: =SUM(E25:G25)/D25 -> #REF! | W25: =S25/D25 -> #REF!
C26: Kolom | D26: ='Hasil-Kolom'!#REF! -> #REF! | E26: ='Hasil-Kolom'!#REF! -> #REF! | H26: 0 | I26: ='Hasil-Kolom'!#REF! -> #REF! | J26: ='Hasil-Kolom'!#REF!+'Hasil-Kolom'!#REF! -> #REF! | K26: ='Hasil-Kolom'!#REF!+'Hasil-Kolom'!#REF! -> #REF! | L26: ='Hasil-Kolom'!#REF!+'Hasil-Kolom'!#REF! -> #REF! | M26: ='Hasil-Kolom'!#REF! -> #REF! | N26: ='Hasil-Kolom'!#REF! -> #REF! | O26: ='Hasil-Kolom'!#REF! -> #REF! | P26: ='Hasil-Kolom'!#REF! -> #REF! | Q26: 0 | S26: =SUM(H26:Q26) -> #REF! | V26: =SUM(E26:G26)/D26 -> #REF! | W26: =S26/D26 -> #REF!
U27: =SUM(D23:D26)/B23 -> #REF! | V27: =SUM(E23:E26)/SUM(D23:D26) -> #REF! | W27: =SUM(H23:Q26)/SUM(D23:D26) -> #REF!
A29: Lantai Atap | B29: ='REKAP Plat'!#REF! -> #REF! | C29: Balok Lantai Atap | D29: ='REKAP Balok'!#REF! -> #REF! | E29: ='REKAP Balok'!#REF! -> #REF! | H29: ='REKAP Balok'!#REF! -> #REF! | I29: ='REKAP Balok'!#REF! -> #REF! | J29: ='REKAP Balok'!#REF! -> #REF! | K29: ='REKAP Balok'!#REF! -> #REF! | L29: ='REKAP Balok'!#REF! -> #REF! | M29: ='REKAP Balok'!#REF! -> #REF! | N29: ='REKAP Balok'!#REF! -> #REF! | O29: ='REKAP Balok'!#REF! -> #REF! | P29: ='REKAP Balok'!#REF! -> #REF! | Q29: 0 | S29: =SUM(H29:Q29) -> #REF! | V29: =SUM(E29:G29)/D29 -> #REF! | W29: =S29/D29 -> #REF!
C30: Plat Lantai | D30: ='REKAP Plat'!#REF! -> #REF! | E30: ='REKAP Plat'!#REF! -> #REF! | H30: 0 | I30: ='REKAP Plat'!#REF! -> #REF! | J30: ='REKAP Plat'!#REF! -> #REF! | K30: ='REKAP Plat'!#REF! -> #REF! | L30: ='REKAP Plat'!#REF! -> #REF! | M30: ='REKAP Plat'!#REF! -> #REF! | N30: 0 | O30: 0 | P30: 0 | Q30: 0 | S30: =SUM(H30:Q30) -> #REF! | V30: =SUM(E30:G30)/D30 -> #REF! | W30: =S30/D30 -> #REF!
U31: =SUM(D29:D30)/B29 -> #REF! | V31: =SUM(E29:E30)/SUM(D29:D30) -> #REF! | W31: =SUM(H29:Q30)/SUM(D29:D30) -> #REF!
A33: TOTAL | B33: =SUM(B4:B32) -> #REF! | D33: =SUM(D4:D32) -> #REF! | E33: =SUM(E4:E32) -> #REF! | F33: =SUM(F4:F32) -> 32.554986 | G33: =SUM(G4:G32) -> 91.046591 | H33: =SUM(H4:H32) -> #REF! | I33: =SUM(I4:I32) -> #REF! | J33: =SUM(J4:J32) -> #REF! | K33: =SUM(K4:K32) -> #REF! | ... Q33: =SUM(Q4:Q32) -> 0 | S33: =SUM(S4:S32) -> #REF!
R34: CEK | S34: =S33-SUM(H33:Q33) -> #REF!
A37: RASIO TOTAL
B38: Beton | C38: =D33/B33 -> #REF! | D38: m3/m2 luas bangunan
B39: Bekisting | C39: =SUM(E33:G33)/D33 -> #REF! | D39: m2/m3 beton
B40: Besi | C40: =S33/D33 -> #REF! | D40: kg/m3 beton
B42: waste besi | C42: 0.05
A44: Lantai | B44: Luas Bangunan | C44: Elemen Struktur | D44: Beton | E44: Bekisting | H44: Besi (LONJOR)
E45: Kayu | F45: Lantai Kerja | G45: Bata / Batako | H45: 6 | I45: 8 | J45: 10 | K45: 13 | L45: 16 | M45: 19 | N45: 22 | O45: 25 | P45: 29 | Q45: 32 | S45: TOTAL BESI (KG)
H46: 2.66 | I46: 4.74 | J46: 7.4 | K46: 12.5 | L46: 19 | M46: 26.8 | N46: 35.76 | O46: 46.25 | P46: 62.22 | Q46: 75.756
A49: =A5 -> Lantai Basement | B49: =B5 -> 288.09378 | C49: Pile cap | D49: =D5 -> 24.540556 | E49: =E5 -> 0 | F49: =F5 -> 6.5491084 | G49: =G5 -> 91.046591 | H49: =ROUNDUP(H5*(1+$C$42)/H$46,0) -> 0 | I49: =ROUNDUP(I5*(1+$C$42)/I$46,0) -> 0 | J49: =ROUNDUP(J5*(1+$C$42)/J$46,0) -> 0 | K49: =ROUNDUP(K5*(1+$C$42)/K$46,0) -> 121 | L49: =ROUNDUP(L5*(1+$C$42)/L$46,0) -> 101 | M49: =ROUNDUP(M5*(1+$C$42)/M$46,0) -> 11 | N49: =ROUNDUP(N5*(1+$C$42)/N$46,0) -> 0 | O49: =ROUNDUP(O5*(1+$C$42)/O$46,0) -> 0 | ... Q49: =ROUNDUP(Q5*(1+$C$42)/Q$46,0) -> 0 | S49: =SUMPRODUCT(H49:Q49,$H$46:$Q$46) -> 3726.3
C50: Kolom Lantai Basement | D50: =D6 -> 28.902461 | E50: =E6 -> 388.61904 | F50: =F6 -> 0 | G50: =G6 -> 0 | H50: =ROUNDUP(H6*(1+$C$42)/H$46,0) -> 0 | I50: =ROUNDUP(I6*(1+$C$42)/I$46,0) -> 0 | J50: =ROUNDUP(J6*(1+$C$42)/J$46,0) -> 389 | K50: =ROUNDUP(K6*(1+$C$42)/K$46,0) -> 0 | L50: =ROUNDUP(L6*(1+$C$42)/L$46,0) -> 243 | M50: =ROUNDUP(M6*(1+$C$42)/M$46,0) -> 0 | N50: =ROUNDUP(N6*(1+$C$42)/N$46,0) -> 0 | O50: =ROUNDUP(O6*(1+$C$42)/O$46,0) -> 0 | ... Q50: =ROUNDUP(Q6*(1+$C$42)/Q$46,0) -> 0 | S50: =SUMPRODUCT(H50:Q50,$H$46:$Q$46) -> 7495.6
C51: Balok Lantai Basement | D51: =D7 -> 32.3541 | E51: =E7 -> 300.411 | F51: =F7 -> 9.1139 | G51: =G7 -> 0 | H51: =ROUNDUP(H7*(1+$C$42)/H$46,0) -> 0 | I51: =ROUNDUP(I7*(1+$C$42)/I$46,0) -> 246 | J51: =ROUNDUP(J7*(1+$C$42)/J$46,0) -> 71 | K51: =ROUNDUP(K7*(1+$C$42)/K$46,0) -> 95 | L51: =ROUNDUP(L7*(1+$C$42)/L$46,0) -> 172 | M51: =ROUNDUP(M7*(1+$C$42)/M$46,0) -> 0 | N51: =ROUNDUP(N7*(1+$C$42)/N$46,0) -> 0 | O51: =ROUNDUP(O7*(1+$C$42)/O$46,0) -> 0 | ... Q51: =ROUNDUP(Q7*(1+$C$42)/Q$46,0) -> 0 | S51: =SUMPRODUCT(H51:Q51,$H$46:$Q$46) -> 6146.94
C52: Retaining wall | D52: =D8 -> 8.5733438 | E52: =E8 -> 114.31125 | F52: =F8 -> 0 | G52: =G8 -> 0 | H52: =ROUNDUP(H8*(1+$C$42)/H$46,0) -> 0 | I52: =ROUNDUP(I8*(1+$C$42)/I$46,0) -> 0 | J52: =ROUNDUP(J8*(1+$C$42)/J$46,0) -> 203 | K52: =ROUNDUP(K8*(1+$C$42)/K$46,0) -> 0 | L52: =ROUNDUP(L8*(1+$C$42)/L$46,0) -> 0 | M52: =ROUNDUP(M8*(1+$C$42)/M$46,0) -> 0 | N52: =ROUNDUP(N8*(1+$C$42)/N$46,0) -> 0 | O52: =ROUNDUP(O8*(1+$C$42)/O$46,0) -> 0 | ... Q52: =ROUNDUP(Q8*(1+$C$42)/Q$46,0) -> 0 | S52: =SUMPRODUCT(H52:Q52,$H$46:$Q$46) -> 1502.2
C53: Plat Lantai Bangunan | D53: =D9 -> 51.904365 | E53: =E9 -> 42.014415 | F53: =F9 -> 16.891977 | G53: =G9 -> 0 | H53: =ROUNDUP(H9*(1+$C$42)/H$46,0) -> 0 | I53: =ROUNDUP(I9*(1+$C$42)/I$46,0) -> 0 | J53: =ROUNDUP(J9*(1+$C$42)/J$46,0) -> 805 | K53: =ROUNDUP(K9*(1+$C$42)/K$46,0) -> 0 | L53: =ROUNDUP(L9*(1+$C$42)/L$46,0) -> 0 | M53: =ROUNDUP(M9*(1+$C$42)/M$46,0) -> 0 | N53: =ROUNDUP(N9*(1+$C$42)/N$46,0) -> 0 | O53: =ROUNDUP(O9*(1+$C$42)/O$46,0) -> 0 | ... Q53: =ROUNDUP(Q9*(1+$C$42)/Q$46,0) -> 0 | S53: =SUMPRODUCT(H53:Q53,$H$46:$Q$46) -> 5957
A56: =A12 -> Lantai 1 | B56: =B12 -> 20.295768 | C56: Balok Lantai 1 | D56: =D12 -> 14.519641 | E56: =E12 -> 179.86435 | F56: =F12 -> 0 | G56: =G12 -> 0 | H56: =ROUNDUP(H12*(1+$C$42)/H$46,0) -> 0 | I56: =ROUNDUP(I12*(1+$C$42)/I$46,0) -> 32 | J56: =ROUNDUP(J12*(1+$C$42)/J$46,0) -> 110 | K56: =ROUNDUP(K12*(1+$C$42)/K$46,0) -> 97 | L56: =ROUNDUP(L12*(1+$C$42)/L$46,0) -> 8 | M56: =ROUNDUP(M12*(1+$C$42)/M$46,0) -> 0 | N56: =ROUNDUP(N12*(1+$C$42)/N$46,0) -> 0 | O56: =ROUNDUP(O12*(1+$C$42)/O$46,0) -> 0 | ... Q56: =ROUNDUP(Q12*(1+$C$42)/Q$46,0) -> 0 | S56: =SUMPRODUCT(H56:Q56,$H$46:$Q$46) -> 2330.18
C57: Plat Lantai | D57: =D13 -> 6.0887304 | E57: =E13 -> 45.939786 | F57: =F13 -> 0 | G57: =G13 -> 0 | H57: =ROUNDUP(H13*(1+$C$42)/H$46,0) -> 0 | I57: =ROUNDUP(I13*(1+$C$42)/I$46,0) -> 0 | J57: =ROUNDUP(J13*(1+$C$42)/J$46,0) -> 95 | K57: =ROUNDUP(K13*(1+$C$42)/K$46,0) -> 0 | L57: =ROUNDUP(L13*(1+$C$42)/L$46,0) -> 0 | M57: =ROUNDUP(M13*(1+$C$42)/M$46,0) -> 0 | N57: =ROUNDUP(N13*(1+$C$42)/N$46,0) -> 0 | O57: =ROUNDUP(O13*(1+$C$42)/O$46,0) -> 0 | ... Q57: =ROUNDUP(Q13*(1+$C$42)/Q$46,0) -> 0 | S57: =SUMPRODUCT(H57:Q57,$H$46:$Q$46) -> 703
C58: Retaining wall | D58: =D14 -> 4.8345 | E58: =E14 -> 64.46 | F58: =F14 -> 0 | G58: =G14 -> 0 | H58: =ROUNDUP(H14*(1+$C$42)/H$46,0) -> 0 | I58: =ROUNDUP(I14*(1+$C$42)/I$46,0) -> 0 | J58: =ROUNDUP(J14*(1+$C$42)/J$46,0) -> 91 | K58: =ROUNDUP(K14*(1+$C$42)/K$46,0) -> 0 | L58: =ROUNDUP(L14*(1+$C$42)/L$46,0) -> 0 | M58: =ROUNDUP(M14*(1+$C$42)/M$46,0) -> 0 | N58: =ROUNDUP(N14*(1+$C$42)/N$46,0) -> 0 | O58: =ROUNDUP(O14*(1+$C$42)/O$46,0) -> 0 | ... Q58: =ROUNDUP(Q14*(1+$C$42)/Q$46,0) -> 0 | S58: =SUMPRODUCT(H58:Q58,$H$46:$Q$46) -> 673.4
C59: Kolom | D59: =D15 -> #REF! | E59: =E15 -> #REF! | F59: =F15 -> 0 | G59: =G15 -> 0 | H59: =ROUNDUP(H15*(1+$C$42)/H$46,0) -> 0 | I59: =ROUNDUP(I15*(1+$C$42)/I$46,0) -> #REF! | J59: =ROUNDUP(J15*(1+$C$42)/J$46,0) -> #REF! | K59: =ROUNDUP(K15*(1+$C$42)/K$46,0) -> #REF! | L59: =ROUNDUP(L15*(1+$C$42)/L$46,0) -> #REF! | M59: =ROUNDUP(M15*(1+$C$42)/M$46,0) -> #REF! | N59: =ROUNDUP(N15*(1+$C$42)/N$46,0) -> #REF! | O59: =ROUNDUP(O15*(1+$C$42)/O$46,0) -> #REF! | ... Q59: =ROUNDUP(Q15*(1+$C$42)/Q$46,0) -> 0 | S59: =SUMPRODUCT(H59:Q59,$H$46:$Q$46) -> #REF!
A62: =A18 -> Lantai 2 | B62: =B18 -> #REF! | C62: Balok Lantai 2 | D62: =D18 -> #REF! | E62: =E18 -> #REF! | F62: =F18 -> 0 | G62: =G18 -> 0 | H62: =ROUNDUP(H18*(1+$C$42)/H$46,0) -> #REF! | I62: =ROUNDUP(I18*(1+$C$42)/I$46,0) -> #REF! | J62: =ROUNDUP(J18*(1+$C$42)/J$46,0) -> #REF! | K62: =ROUNDUP(K18*(1+$C$42)/K$46,0) -> #REF! | L62: =ROUNDUP(L18*(1+$C$42)/L$46,0) -> #REF! | M62: =ROUNDUP(M18*(1+$C$42)/M$46,0) -> #REF! | N62: =ROUNDUP(N18*(1+$C$42)/N$46,0) -> #REF! | O62: =ROUNDUP(O18*(1+$C$42)/O$46,0) -> #REF! | ... Q62: =ROUNDUP(Q18*(1+$C$42)/Q$46,0) -> 0 | S62: =SUMPRODUCT(H62:Q62,$H$46:$Q$46) -> #REF!
C63: Plat Lantai | D63: =D19 -> #REF! | E63: =E19 -> #REF! | F63: =F19 -> 0 | G63: =G19 -> 0 | H63: =ROUNDUP(H19*(1+$C$42)/H$46,0) -> 0 | I63: =ROUNDUP(I19*(1+$C$42)/I$46,0) -> #REF! | J63: =ROUNDUP(J19*(1+$C$42)/J$46,0) -> #REF! | K63: =ROUNDUP(K19*(1+$C$42)/K$46,0) -> #REF! | L63: =ROUNDUP(L19*(1+$C$42)/L$46,0) -> #REF! | M63: =ROUNDUP(M19*(1+$C$42)/M$46,0) -> #REF! | N63: =ROUNDUP(N19*(1+$C$42)/N$46,0) -> 0 | O63: =ROUNDUP(O19*(1+$C$42)/O$46,0) -> 0 | ... Q63: =ROUNDUP(Q19*(1+$C$42)/Q$46,0) -> 0 | S63: =SUMPRODUCT(H63:Q63,$H$46:$Q$46) -> #REF!
C64: Kolom | D64: =D20 -> #REF! | E64: =E20 -> #REF! | F64: =F20 -> 0 | G64: =G20 -> 0 | H64: =ROUNDUP(H20*(1+$C$42)/H$46,0) -> 0 | I64: =ROUNDUP(I20*(1+$C$42)/I$46,0) -> #REF! | J64: =ROUNDUP(J20*(1+$C$42)/J$46,0) -> #REF! | K64: =ROUNDUP(K20*(1+$C$42)/K$46,0) -> #REF! | L64: =ROUNDUP(L20*(1+$C$42)/L$46,0) -> #REF! | M64: =ROUNDUP(M20*(1+$C$42)/M$46,0) -> #REF! | N64: =ROUNDUP(N20*(1+$C$42)/N$46,0) -> #REF! | O64: =ROUNDUP(O20*(1+$C$42)/O$46,0) -> #REF! | ... Q64: =ROUNDUP(Q20*(1+$C$42)/Q$46,0) -> 0 | S64: =SUMPRODUCT(H64:Q64,$H$46:$Q$46) -> #REF!
A67: =A23 -> Lantai 3 | B67: =B23 -> #REF! | C67: Balok Lantai 3 | D67: =D23 -> #REF! | E67: =E23 -> #REF! | F67: =F23 -> 0 | G67: =G23 -> 0 | H67: =ROUNDUP(H23*(1+$C$42)/H$46,0) -> #REF! | I67: =ROUNDUP(I23*(1+$C$42)/I$46,0) -> #REF! | J67: =ROUNDUP(J23*(1+$C$42)/J$46,0) -> #REF! | K67: =ROUNDUP(K23*(1+$C$42)/K$46,0) -> #REF! | L67: =ROUNDUP(L23*(1+$C$42)/L$46,0) -> #REF! | M67: =ROUNDUP(M23*(1+$C$42)/M$46,0) -> #REF! | N67: =ROUNDUP(N23*(1+$C$42)/N$46,0) -> #REF! | O67: =ROUNDUP(O23*(1+$C$42)/O$46,0) -> #REF! | ... Q67: =ROUNDUP(Q23*(1+$C$42)/Q$46,0) -> 0 | S67: =SUMPRODUCT(H67:Q67,$H$46:$Q$46) -> #REF!
C68: Plat Lantai | D68: =D24 -> #REF! | E68: =E24 -> #REF! | F68: =F24 -> 0 | G68: =G24 -> 0 | H68: =ROUNDUP(H24*(1+$C$42)/H$46,0) -> 0 | I68: =ROUNDUP(I24*(1+$C$42)/I$46,0) -> #REF! | J68: =ROUNDUP(J24*(1+$C$42)/J$46,0) -> #REF! | K68: =ROUNDUP(K24*(1+$C$42)/K$46,0) -> #REF! | L68: =ROUNDUP(L24*(1+$C$42)/L$46,0) -> #REF! | M68: =ROUNDUP(M24*(1+$C$42)/M$46,0) -> #REF! | N68: =ROUNDUP(N24*(1+$C$42)/N$46,0) -> 0 | O68: =ROUNDUP(O24*(1+$C$42)/O$46,0) -> 0 | ... Q68: =ROUNDUP(Q24*(1+$C$42)/Q$46,0) -> 0 | S68: =SUMPRODUCT(H68:Q68,$H$46:$Q$46) -> #REF!
C69: Retaining wall | D69: =D25 -> #REF! | E69: =E25 -> #REF! | F69: =F25 -> 0 | G69: =G25 -> 0 | H69: =ROUNDUP(H25*(1+$C$42)/H$46,0) -> 0 | I69: =ROUNDUP(I25*(1+$C$42)/I$46,0) -> #REF! | J69: =ROUNDUP(J25*(1+$C$42)/J$46,0) -> #REF! | K69: =ROUNDUP(K25*(1+$C$42)/K$46,0) -> #REF! | L69: =ROUNDUP(L25*(1+$C$42)/L$46,0) -> #REF! | M69: =ROUNDUP(M25*(1+$C$42)/M$46,0) -> 0 | N69: =ROUNDUP(N25*(1+$C$42)/N$46,0) -> 0 | O69: =ROUNDUP(O25*(1+$C$42)/O$46,0) -> 0 | ... Q69: =ROUNDUP(Q25*(1+$C$42)/Q$46,0) -> 0 | S69: =SUMPRODUCT(H69:Q69,$H$46:$Q$46) -> #REF!
C70: Kolom | D70: =D26 -> #REF! | E70: =E26 -> #REF! | F70: =F26 -> 0 | G70: =G26 -> 0 | H70: =ROUNDUP(H26*(1+$C$42)/H$46,0) -> 0 | I70: =ROUNDUP(I26*(1+$C$42)/I$46,0) -> #REF! | J70: =ROUNDUP(J26*(1+$C$42)/J$46,0) -> #REF! | K70: =ROUNDUP(K26*(1+$C$42)/K$46,0) -> #REF! | L70: =ROUNDUP(L26*(1+$C$42)/L$46,0) -> #REF! | M70: =ROUNDUP(M26*(1+$C$42)/M$46,0) -> #REF! | N70: =ROUNDUP(N26*(1+$C$42)/N$46,0) -> #REF! | O70: =ROUNDUP(O26*(1+$C$42)/O$46,0) -> #REF! | ... Q70: =ROUNDUP(Q26*(1+$C$42)/Q$46,0) -> 0 | S70: =SUMPRODUCT(H70:Q70,$H$46:$Q$46) -> #REF!
A73: =A29 -> Lantai Atap | B73: =B29 -> #REF! | C73: Balok Lantai Atap | D73: =D29 -> #REF! | E73: =E29 -> #REF! | F73: =F29 -> 0 | G73: =G29 -> 0 | H73: =ROUNDUP(H29*(1+$C$42)/H$46,0) -> #REF! | I73: =ROUNDUP(I29*(1+$C$42)/I$46,0) -> #REF! | J73: =ROUNDUP(J29*(1+$C$42)/J$46,0) -> #REF! | K73: =ROUNDUP(K29*(1+$C$42)/K$46,0) -> #REF! | L73: =ROUNDUP(L29*(1+$C$42)/L$46,0) -> #REF! | M73: =ROUNDUP(M29*(1+$C$42)/M$46,0) -> #REF! | N73: =ROUNDUP(N29*(1+$C$42)/N$46,0) -> #REF! | O73: =ROUNDUP(O29*(1+$C$42)/O$46,0) -> #REF! | ... Q73: =ROUNDUP(Q29*(1+$C$42)/Q$46,0) -> 0 | S73: =SUMPRODUCT(H73:Q73,$H$46:$Q$46) -> #REF!
C74: Plat Lantai | D74: =D30 -> #REF! | E74: =E30 -> #REF! | F74: =F30 -> 0 | G74: =G30 -> 0 | H74: =ROUNDUP(H30*(1+$C$42)/H$46,0) -> 0 | I74: =ROUNDUP(I30*(1+$C$42)/I$46,0) -> #REF! | J74: =ROUNDUP(J30*(1+$C$42)/J$46,0) -> #REF! | K74: =ROUNDUP(K30*(1+$C$42)/K$46,0) -> #REF! | L74: =ROUNDUP(L30*(1+$C$42)/L$46,0) -> #REF! | M74: =ROUNDUP(M30*(1+$C$42)/M$46,0) -> #REF! | N74: =ROUNDUP(N30*(1+$C$42)/N$46,0) -> 0 | O74: =ROUNDUP(O30*(1+$C$42)/O$46,0) -> 0 | ... Q74: =ROUNDUP(Q30*(1+$C$42)/Q$46,0) -> 0 | S74: =SUMPRODUCT(H74:Q74,$H$46:$Q$46) -> #REF!
A77: TOTAL | B77: =SUM(B48:B76) -> #REF! | D77: =SUM(D48:D76) -> #REF! | E77: =SUM(E48:E76) -> #REF! | F77: =SUM(F48:F76) -> 32.554986 | G77: =SUM(G48:G76) -> 91.046591 | H77: =SUM(H48:H76) -> #REF! | I77: =SUM(I48:I76) -> #REF! | J77: =SUM(J48:J76) -> #REF! | K77: =SUM(K48:K76) -> #REF! | ... Q77: =SUM(Q48:Q76) -> 0 | S77: =SUM(S48:S76) -> #REF!
R78: waste (kg) | S78: =S77-S33 -> #REF!
S79: =S78/S77 -> #REF!

Sheet Retaining Wall
A3: No. | B3: Tipe RW | C3: Panjang | D3: Tinggi | E3: Tebal | F3: Tul. Vertikal (2 sisi) | I3: Extra Tul. Vertikal (1,5 m) (1 sisi) | L3: Tul. Kait | P3: Tul. Horizontal (2 sisi) | S3: Vol. Beton | T3: Vol. Bekisting | U3: Vol. Tul. Vertikal | V3: Vol. Tul. Kait | W3: Vol. Tul. Horizontal | Y3: rasio bekisting | Z3: rasio besi | AB3: Plesteran
F4: D | G4: Jarak | H4: Panjang Tul. | I4: D | J4: Jarak | K4: Panjang Tul. | L4: Jumlah | M4: D | N4: Jarak | O4: Panjang Tul. | P4: D | Q4: Jarak | R4: Panjang Tul.
C5: mm | D5: mm | E5: mm | F5: mm | G5: mm | H5: mm | I5: mm | J5: mm | K5: mm | M5: mm | N5: mm | O5: mm | P5: mm | Q5: mm | R5: mm | S5: m3 | T5: m2 | U5: kg | V5: kg | W5: kg
A7: Lantai 1
A8: 17 | B8: RW150 | C8: 4250 | D8: 5500 | E8: 150 | F8: 10 | G8: 200 | H8: =(D8+(2*40)*F8)*2 -> 12600 | J8: 100 | N8: 100 | P8: 10 | Q8: 200 | R8: =(C8+(6*40+11*50)*P8)*2 -> 24300 | S8: =C8*D8*E8/1000000000 -> 3.50625 | T8: =2*C8*D8/1000000 -> 46.75 | U8: =0.006165*(F8^2*H8*(ROUND(C8/G8,0)+1)+I8^2*K8*(ROUND(C8/J8,0)+1))/1000 -> 170.8938 | V8: =0.006165*M8^2*O8*(ROUND(C8/N8,0)+1)/1000*L8 -> 0 | W8: =0.006165*P8^2*R8*(ROUND(D8/Q8,0)+1)/1000 -> 434.44755 | Y8: =T8/S8 -> 13.333333 | Z8: =SUM(U8:W8)/S8 -> 172.64637 | AB8: =T8 -> 46.75
A9: 19 | B9: Pagar Alas | C9: 20000 | D9: 1000 | E9: 170 | F9: 10 | G9: 200 | H9: =(D9+(2*40)*F9)*2 -> 3600 | J9: 100 | N9: 100 | P9: 10 | Q9: 200 | R9: =(C9+(2*40+2*50)*P9)*2 -> 43600 | S9: =C9*D9*E9/1000000000 -> 3.4 | T9: =C9*D9/1000000 -> 20 | U9: =0.006165*(F9^2*H9*(ROUND(C9/G9,0)+1)+I9^2*K9*(ROUND(C9/J9,0)+1))/1000 -> 224.1594 | V9: =0.006165*M9^2*O9*(ROUND(C9/N9,0)+1)/1000*L9 -> 0 | W9: =0.006165*P9^2*R9*(ROUND(D9/Q9,0)+1)/1000 -> 161.2764 | Y9: =T9/S9 -> 5.8823529 | Z9: =SUM(U9:W9)/S9 -> 113.36347 | AB9: =T9 -> 20
A10: =A9+1 -> 20 | B10: Pagar Alas | C10: 21795 | D10: 1000 | E10: 170 | F10: 10 | G10: 200 | H10: =(D10+(2*40)*F10)*2 -> 3600 | J10: 100 | N10: 100 | P10: 10 | Q10: 200 | R10: =(C10+(2*40+2*50)*P10)*2 -> 47190 | S10: =C10*D10*E10/1000000000 -> 3.70515 | T10: =2*C10*D10/1000000 -> 43.59 | U10: =0.006165*(F10^2*H10*(ROUND(C10/G10,0)+1)+I10^2*K10*(ROUND(C10/J10,0)+1))/1000 -> 244.134 | V10: =0.006165*M10^2*O10*(ROUND(C10/N10,0)+1)/1000*L10 -> 0 | W10: =0.006165*P10^2*R10*(ROUND(D10/Q10,0)+1)/1000 -> 174.55581 | Y10: =T10/S10 -> 11.764706 | Z10: =SUM(U10:W10)/S10 -> 113.00212 | AB10: =T10 -> 43.59
A11: =A10+1 -> 21 | B11: Pagar Alas | C11: 34285 | D11: 1000 | E11: 170 | F11: 10 | G11: 200 | H11: =(D11+(2*40)*F11)*2 -> 3600 | J11: 100 | N11: 100 | P11: 10 | Q11: 200 | R11: =(C11+(8*40+2*50)*P11)*2 -> 76970 | S11: =C11*D11*E11/1000000000 -> 5.82845 | T11: =2*C11*D11/1000000 -> 68.57 | U11: =0.006165*(F11^2*H11*(ROUND(C11/G11,0)+1)+I11^2*K11*(ROUND(C11/J11,0)+1))/1000 -> 381.7368 | V11: =0.006165*M11^2*O11*(ROUND(C11/N11,0)+1)/1000*L11 -> 0 | W11: =0.006165*P11^2*R11*(ROUND(D11/Q11,0)+1)/1000 -> 284.71203 | Y11: =T11/S11 -> 11.764706 | Z11: =SUM(U11:W11)/S11 -> 114.34409 | AB11: =T11/2 -> 34.285
A12: 19 | B12: Pagar Alas | C12: 20000 | D12: 4500 | E12: 100 | F12: 10 | G12: 300 | H12: =(D12+(2*40)*F12) -> 5300 | J12: 100 | N12: 100 | P12: 10 | Q12: 300 | R12: =(C12+(2*40+1*50)*P12) -> 21300 | S12: =C12*D12*E12/1000000000 -> 9 | T12: =C12*D12/1000000 -> 90 | U12: =0.006165*(F12^2*H12*(ROUND(C12/G12,0)+1)+I12^2*K12*(ROUND(C12/J12,0)+1))/1000 -> 222.1866 | V12: =0.006165*M12^2*O12*(ROUND(C12/N12,0)+1)/1000*L12 -> 0 | W12: =0.006165*P12^2*R12*(ROUND(D12/Q12,0)+1)/1000 -> 210.1032 | Y12: =T12/S12 -> 10 | Z12: =SUM(U12:W12)/S12 -> 48.0322 | AB12: =T12 -> 90
A13: =A12+1 -> 20 | B13: Pagar Alas | C13: 21795 | D13: 4500 | E13: 100 | F13: 10 | G13: 300 | H13: =(D13+(2*40)*F13) -> 5300 | J13: 100 | N13: 100 | P13: 10 | Q13: 300 | R13: =(C13+(2*40+1*50)*P13) -> 23095 | S13: =C13*D13*E13/1000000000 -> 9.80775 | T13: =2*C13*D13/1000000 -> 196.155 | U13: =0.006165*(F13^2*H13*(ROUND(C13/G13,0)+1)+I13^2*K13*(ROUND(C13/J13,0)+1))/1000 -> 241.7913 | V13: =0.006165*M13^2*O13*(ROUND(C13/N13,0)+1)/1000*L13 -> 0 | W13: =0.006165*P13^2*R13*(ROUND(D13/Q13,0)+1)/1000 -> 227.80908 | Y13: =T13/S13 -> 20 | Z13: =SUM(U13:W13)/S13 -> 47.880541 | AB13: =T13 -> 196.155
B14: Pagar Alas
A15: =A11+1 -> 22 | B15: RW150 | C15: 20090 | D15: 1000 | E15: 150 | F15: 10 | G15: 200 | H15: =(D15+(2*40)*F15)*2 -> 3600 | J15: 100 | N15: 100 | P15: 10 | Q15: 200 | R15: =(C15+(8*40+3*50)*P15)*2 -> 49580 | S15: =C15*D15*E15/1000000000 -> 3.0135 | T15: =2*C15*D15/1000000 -> 40.18 | U15: =0.006165*(F15^2*H15*(ROUND(C15/G15,0)+1)+I15^2*K15*(ROUND(C15/J15,0)+1))/1000 -> 224.1594 | V15: =0.006165*M15^2*O15*(ROUND(C15/N15,0)+1)/1000*L15 -> 0 | W15: =0.006165*P15^2*R15*(ROUND(D15/Q15,0)+1)/1000 -> 183.39642 | Y15: =T15/S15 -> 13.333333 | Z15: =SUM(U15:W15)/S15 -> 135.24334 | AB15: =T15/2 -> 20.09
A16: =A15+1 -> 23 | B16: RW150 | C16: 17775 | D16: 400 | E16: 150 | F16: 10 | G16: 200 | H16: =(D16+(2*40)*F16)*2 -> 2400 | J16: 100 | N16: 100 | P16: 10 | Q16: 200 | R16: =(C16+(4*40+0*50)*P16)*2 -> 38750 | S16: =C16*D16*E16/1000000000 -> 1.0665 | T16: =2*C16*D16/1000000 -> 14.22 | U16: =0.006165*(F16^2*H16*(ROUND(C16/G16,0)+1)+I16^2*K16*(ROUND(C16/J16,0)+1))/1000 -> 133.164 | V16: =0.006165*M16^2*O16*(ROUND(C16/N16,0)+1)/1000*L16 -> 0 | W16: =0.006165*P16^2*R16*(ROUND(D16/Q16,0)+1)/1000 -> 71.668125 | Y16: =T16/S16 -> 13.333333 | Z16: =SUM(U16:W16)/S16 -> 192.06013 | AB16: =T16/2 -> 7.11
A17: =A16+1 -> 24 | B17: Kolam Renang | C17: 22050 | D17: 1700 | E17: 200 | F17: 13 | G17: 150 | H17: =(D17+(2*40)*F17)*2 -> 5480 | J17: 100 | N17: 100 | P17: 10 | Q17: 150 | R17: =(C17+(4*40+0*50)*P17)*2 -> 47300 | S17: =C17*D17*E17/1000000000 -> 7.497 | T17: =2*C17*D17/1000000 -> 74.97 | U17: =0.006165*(F17^2*H17*(ROUND(C17/G17,0)+1)+I17^2*K17*(ROUND(C17/J17,0)+1))/1000 -> 845.01041 | V17: =0.006165*M17^2*O17*(ROUND(C17/N17,0)+1)/1000*L17 -> 0 | W17: =0.006165*P17^2*R17*(ROUND(D17/Q17,0)+1)/1000 -> 349.9254 | Y17: =T17/S17 -> 10 | Z17: =SUM(U17:W17)/S17 -> 159.38853 | AB17: =T17/2 -> 37.485
A18: =A17+1 -> 25 | B18: RW150 | C18: 600 | D18: 400 | E18: 150 | F18: 10 | G18: 200 | H18: =(D18+(2*40)*F18)*2 -> 2400 | J18: 100 | N18: 100 | P18: 10 | Q18: 200 | R18: =(C18+(4*40+1*50)*P18)*2 -> 5400 | S18: =C18*D18*E18/1000000000 -> 0.036 | T18: =2*C18*D18/1000000 -> 0.48 | U18: =0.006165*(F18^2*H18*(ROUND(C18/G18,0)+1)+I18^2*K18*(ROUND(C18/J18,0)+1))/1000 -> 5.9184 | V18: =0.006165*M18^2*O18*(ROUND(C18/N18,0)+1)/1000*L18 -> 0 | W18: =0.006165*P18^2*R18*(ROUND(D18/Q18,0)+1)/1000 -> 9.9873 | Y18: =T18/S18 -> 13.333333 | Z18: =SUM(U18:W18)/S18 -> 441.825 | AB18: =T18/2 -> 0.24
A19: =A18+1 -> 26 | B19: Tanggulan KM | C19: 8950 | D19: 200 | E19: 150 | F19: 10 | G19: 200 | H19: =(D19+(2*40)*F19)*2 -> 2000 | J19: 100 | N19: 100 | P19: 10 | Q19: 200 | R19: =(C19+(4*40+1*50)*P19)*2 -> 22100 | S19: =C19*D19*E19/1000000000 -> 0.2685 | T19: =2*C19*D19/1000000 -> 3.58 | U19: =0.006165*(F19^2*H19*(ROUND(C19/G19,0)+1)+I19^2*K19*(ROUND(C19/J19,0)+1))/1000 -> 56.718 | V19: =0.006165*M19^2*O19*(ROUND(C19/N19,0)+1)/1000*L19 -> 0 | W19: =0.006165*P19^2*R19*(ROUND(D19/Q19,0)+1)/1000 -> 27.2493 | Y19: =T19/S19 -> 13.333333 | Z19: =SUM(U19:W19)/S19 -> 312.72737 | AB19: =T19/2 -> 1.79
A20: =A19+1 -> 27 | B20: RW150 | C20: 5775 | D20: 750 | E20: 150 | F20: 10 | G20: 200 | H20: =(D20+(2*40)*F20)*2 -> 3100 | J20: 100 | N20: 100 | P20: 10 | Q20: 200 | R20: =(C20+(4*40+1*50)*P20)*2 -> 15750 | S20: =C20*D20*E20/1000000000 -> 0.6496875 | T20: =2*C20*D20/1000000 -> 8.6625 | U20: =0.006165*(F20^2*H20*(ROUND(C20/G20,0)+1)+I20^2*K20*(ROUND(C20/J20,0)+1))/1000 -> 57.3345 | V20: =0.006165*M20^2*O20*(ROUND(C20/N20,0)+1)/1000*L20 -> 0 | W20: =0.006165*P20^2*R20*(ROUND(D20/Q20,0)+1)/1000 -> 48.549375 | Y20: =T20/S20 -> 13.333333 | Z20: =SUM(U20:W20)/S20 -> 162.97662 | AB20: =T20/2 -> 4.33125
A21: =A20+1 -> 28 | B21: RW150 | C21: 3325 | D21: 500 | E21: 150 | F21: 10 | G21: 200 | H21: =(D21+(2*40)*F21)*2 -> 2600 | J21: 100 | N21: 100 | P21: 10 | Q21: 200 | R21: =(C21+(4*40+1*50)*P21)*2 -> 10850 | S21: =C21*D21*E21/1000000000 -> 0.249375 | T21: =2*C21*D21/1000000 -> 3.325 | U21: =0.006165*(F21^2*H21*(ROUND(C21/G21,0)+1)+I21^2*K21*(ROUND(C21/J21,0)+1))/1000 -> 28.8522 | V21: =0.006165*M21^2*O21*(ROUND(C21/N21,0)+1)/1000*L21 -> 0 | W21: =0.006165*P21^2*R21*(ROUND(D21/Q21,0)+1)/1000 -> 26.7561 | Y21: =T21/S21 -> 13.333333 | Z21: =SUM(U21:W21)/S21 -> 222.99068 | AB21: =T21/2 -> 1.6625
A22: =A21+1 -> 29 | B22: RW150 | C22: 2775 | D22: 125 | E22: 150 | F22: 10 | G22: 200 | H22: =(D22+(2*40)*F22)*2 -> 1850 | J22: 100 | N22: 100 | P22: 10 | Q22: 200 | R22: =(C22+(4*40+1*50)*P22)*2 -> 9750 | S22: =C22*D22*E22/1000000000 -> 0.05203125 | T22: =2*C22*D22/1000000 -> 0.69375 | U22: =0.006165*(F22^2*H22*(ROUND(C22/G22,0)+1)+I22^2*K22*(ROUND(C22/J22,0)+1))/1000 -> 17.107875 | V22: =0.006165*M22^2*O22*(ROUND(C22/N22,0)+1)/1000*L22 -> 0 | W22: =0.006165*P22^2*R22*(ROUND(D22/Q22,0)+1)/1000 -> 12.02175 | Y22: =T22/S22 -> 13.333333 | Z22: =SUM(U22:W22)/S22 -> 559.84865 | AB22: =T22/2 -> 0.346875
A23: =A22+1 -> 30 | B23: Lift | C23: =8800-4000 -> 4800 | D23: 6000 | E23: 170 | F23: 10 | G23: 100 | H23: =(D23+(2*40)*F23)*2 -> 13600 | J23: 100 | L23: 6 | M23: 10 | N23: 100 | O23: 300 | P23: 13 | Q23: 100 | R23: =(C23+(4*40+0*50)*P23)*2 -> 13760 | S23: =C23*D23*E23/1000000000 -> 4.896 | T23: =2*C23*D23/1000000 -> 57.6 | U23: =0.006165*(F23^2*H23*(ROUND(C23/G23,0)+1)+I23^2*K23*(ROUND(C23/J23,0)+1))/1000 -> 410.8356 | V23: =0.006165*M23^2*O23*(ROUND(C23/N23,0)+1)/1000*L23 -> 54.3753 | W23: =0.006165*P23^2*R23*(ROUND(D23/Q23,0)+1)/1000 -> 874.51659 | Y23: =T23/S23 -> 11.764706 | Z23: =SUM(U23:W23)/S23 -> 273.63715 | AB23: =T23/2 -> 28.8
A24: Lantai 2
A25: 23 | B25: Pagar Alas Lt2 | C25: 9000 | D25: 4500 | E25: 100 | F25: 10 | G25: 300 | H25: =(D25+(2*40)*F25) -> 5300 | J25: 100 | N25: 100 | P25: 10 | Q25: 300 | R25: =(C25+(2*40+50)*P25) -> 10300 | S25: =C25*D25*E25/1000000000 -> 4.05 | T25: =C25*D25/1000000 -> 40.5 | U25: =0.006165*(F25^2*H25*(ROUND(C25/G25,0)+1)+I25^2*K25*(ROUND(C25/J25,0)+1))/1000 -> 101.29095 | V25: =0.006165*M25^2*O25*(ROUND(C25/N25,0)+1)/1000*L25 -> 0 | W25: =0.006165*P25^2*R25*(ROUND(D25/Q25,0)+1)/1000 -> 101.5992 | Y25: =T25/S25 -> 10 | Z25: =SUM(U25:W25)/S25 -> 50.096333 | AB25: =T25/2 -> 20.25
A26: =A25+1 -> 24 | B26: Pagar Alas Lt2 | C26: 15000 | D26: 4500 | E26: 100 | F26: 10 | G26: 300 | H26: =(D26+(2*40)*F26) -> 5300 | J26: 100 | N26: 100 | P26: 10 | Q26: 300 | R26: =(C26+(2*40+1*50)*P26) -> 16300 | S26: =C26*D26*E26/1000000000 -> 6.75 | T26: =C26*D26/1000000 -> 67.5 | U26: =0.006165*(F26^2*H26*(ROUND(C26/G26,0)+1)+I26^2*K26*(ROUND(C26/J26,0)+1))/1000 -> 166.63995 | V26: =0.006165*M26^2*O26*(ROUND(C26/N26,0)+1)/1000*L26 -> 0 | W26: =0.006165*P26^2*R26*(ROUND(D26/Q26,0)+1)/1000 -> 160.7832 | Y26: =T26/S26 -> 10 | Z26: =SUM(U26:W26)/S26 -> 48.507133 | AB26: =T26/2 -> 33.75
A27: =A26+1 -> 25 | B27: Pagar Alas Lt2 | C27: 11300 | D27: 200 | E27: 150 | F27: 10 | G27: 200 | H27: =(D27+(2*40)*F27)*2 -> 2000 | J27: 100 | N27: 100 | P27: 10 | Q27: 200 | R27: =(C27+(2*40+0*50)*P27)*2 -> 24200 | S27: =C27*D27*E27/1000000000 -> 0.339 | T27: =2*C27*D27/1000000 -> 4.52 | U27: =0.006165*(F27^2*H27*(ROUND(C27/G27,0)+1)+I27^2*K27*(ROUND(C27/J27,0)+1))/1000 -> 71.514 | V27: =0.006165*M27^2*O27*(ROUND(C27/N27,0)+1)/1000*L27 -> 0 | W27: =0.006165*P27^2*R27*(ROUND(D27/Q27,0)+1)/1000 -> 29.8386 | Y27: =T27/S27 -> 13.333333 | Z27: =SUM(U27:W27)/S27 -> 298.97522 | AB27: =T27/2 -> 2.26
A28: =A27+1 -> 26 | B28: Tanggulan Lt2 | C28: 8600 | D28: 200 | E28: 150 | F28: 10 | G28: 200 | H28: =(D28+(2*40)*F28)*2 -> 2000 | J28: 100 | N28: 100 | P28: 10 | Q28: 200 | R28: =(C28+(2*40+0*50)*P28)*2 -> 18800 | S28: =C28*D28*E28/1000000000 -> 0.258 | T28: =2*C28*D28/1000000 -> 3.44 | U28: =0.006165*(F28^2*H28*(ROUND(C28/G28,0)+1)+I28^2*K28*(ROUND(C28/J28,0)+1))/1000 -> 54.252 | V28: =0.006165*M28^2*O28*(ROUND(C28/N28,0)+1)/1000*L28 -> 0 | W28: =0.006165*P28^2*R28*(ROUND(D28/Q28,0)+1)/1000 -> 23.1804 | Y28: =T28/S28 -> 13.333333 | Z28: =SUM(U28:W28)/S28 -> 300.12558 | AB28: =T28/2 -> 1.72
A29: =A28+1 -> 27 | B29: Tanggulan Lt2 | C29: 9450 | D29: 200 | E29: 150 | F29: 10 | G29: 200 | H29: =(D29+(2*40)*F29)*2 -> 2000 | J29: 100 | N29: 100 | P29: 10 | Q29: 200 | R29: =(C29+(2*40+0*50)*P29)*2 -> 20500 | S29: =C29*D29*E29/1000000000 -> 0.2835 | T29: =2*C29*D29/1000000 -> 3.78 | U29: =0.006165*(F29^2*H29*(ROUND(C29/G29,0)+1)+I29^2*K29*(ROUND(C29/J29,0)+1))/1000 -> 59.184 | V29: =0.006165*M29^2*O29*(ROUND(C29/N29,0)+1)/1000*L29 -> 0 | W29: =0.006165*P29^2*R29*(ROUND(D29/Q29,0)+1)/1000 -> 25.2765 | Y29: =T29/S29 -> 13.333333 | Z29: =SUM(U29:W29)/S29 -> 297.92063 | AB29: =T29/2 -> 1.89
A30: =A29+1 -> 28 | B30: Tanggulan Lt2 | C30: 12600 | D30: 200 | E30: 150 | F30: 10 | G30: 200 | H30: =(D30+(2*40)*F30)*2 -> 2000 | J30: 100 | N30: 100 | P30: 10 | Q30: 200 | R30: =(C30+(2*40+0*50)*P30)*2 -> 26800 | S30: =C30*D30*E30/1000000000 -> 0.378 | T30: =2*C30*D30/1000000 -> 5.04 | U30: =0.006165*(F30^2*H30*(ROUND(C30/G30,0)+1)+I30^2*K30*(ROUND(C30/J30,0)+1))/1000 -> 78.912 | V30: =0.006165*M30^2*O30*(ROUND(C30/N30,0)+1)/1000*L30 -> 0 | W30: =0.006165*P30^2*R30*(ROUND(D30/Q30,0)+1)/1000 -> 33.0444 | Y30: =T30/S30 -> 13.333333 | Z30: =SUM(U30:W30)/S30 -> 296.18095 | AB30: =T30/2 -> 2.52
A31: =A30+1 -> 29 | B31: Tanggulan Lt2 | C31: 800 | D31: 200 | E31: 150 | F31: 10 | G31: 200 | H31: =(D31+(2*40)*F31)*2 -> 2000 | J31: 100 | N31: 100 | P31: 10 | Q31: 200 | R31: =(C31+(2*40+1*50)*P31)*2 -> 4200 | S31: =C31*D31*E31/1000000000 -> 0.024 | T31: =2*C31*D31/1000000 -> 0.32 | U31: =0.006165*(F31^2*H31*(ROUND(C31/G31,0)+1)+I31^2*K31*(ROUND(C31/J31,0)+1))/1000 -> 6.165 | V31: =0.006165*M31^2*O31*(ROUND(C31/N31,0)+1)/1000*L31 -> 0 | W31: =0.006165*P31^2*R31*(ROUND(D31/Q31,0)+1)/1000 -> 5.1786 | Y31: =T31/S31 -> 13.333333 | Z31: =SUM(U31:W31)/S31 -> 472.65 | AB31: =T31/2 -> 0.16
A32: =A31+1 -> 30 | B32: Tanggulan Lt2 | C32: 1080 | D32: 200 | E32: 150 | F32: 10 | G32: 200 | H32: =(D32+(2*40)*F32)*2 -> 2000 | J32: 100 | N32: 100 | P32: 10 | Q32: 200 | R32: =(C32+(2*40+0*50)*P32)*2 -> 3760 | S32: =C32*D32*E32/1000000000 -> 0.0324 | T32: =2*C32*D32/1000000 -> 0.432 | U32: =0.006165*(F32^2*H32*(ROUND(C32/G32,0)+1)+I32^2*K32*(ROUND(C32/J32,0)+1))/1000 -> 7.398 | V32: =0.006165*M32^2*O32*(ROUND(C32/N32,0)+1)/1000*L32 -> 0 | W32: =0.006165*P32^2*R32*(ROUND(D32/Q32,0)+1)/1000 -> 4.63608 | Y32: =T32/S32 -> 13.333333 | Z32: =SUM(U32:W32)/S32 -> 371.42222 | AB32: =T32/2 -> 0.216
A33: =A32+1 -> 31 | B33: Tanggulan Lt2 | C33: 4950 | D33: 200 | E33: 150 | F33: 10 | G33: 200 | H33: =(D33+(2*40)*F33)*2 -> 2000 | J33: 100 | N33: 100 | P33: 10 | Q33: 200 | R33: =(C33+(2*40+0*50)*P33)*2 -> 11500 | S33: =C33*D33*E33/1000000000 -> 0.1485 | T33: =2*C33*D33/1000000 -> 1.98 | U33: =0.006165*(F33^2*H33*(ROUND(C33/G33,0)+1)+I33^2*K33*(ROUND(C33/J33,0)+1))/1000 -> 32.058 | V33: =0.006165*M33^2*O33*(ROUND(C33/N33,0)+1)/1000*L33 -> 0 | W33: =0.006165*P33^2*R33*(ROUND(D33/Q33,0)+1)/1000 -> 14.1795 | Y33: =T33/S33 -> 13.333333 | Z33: =SUM(U33:W33)/S33 -> 311.36364 | AB33: =T33/2 -> 0.99
A34: =A33+1 -> 32 | B34: Tanggulan Lt2 | C34: 5645 | D34: 200 | E34: 150 | F34: 10 | G34: 200 | H34: =(D34+(2*40)*F34)*2 -> 2000 | J34: 100 | N34: 100 | P34: 10 | Q34: 200 | R34: =(C34+(2*40+0*50)*P34)*2 -> 12890 | S34: =C34*D34*E34/1000000000 -> 0.16935 | T34: =2*C34*D34/1000000 -> 2.258 | U34: =0.006165*(F34^2*H34*(ROUND(C34/G34,0)+1)+I34^2*K34*(ROUND(C34/J34,0)+1))/1000 -> 35.757 | V34: =0.006165*M34^2*O34*(ROUND(C34/N34,0)+1)/1000*L34 -> 0 | W34: =0.006165*P34^2*R34*(ROUND(D34/Q34,0)+1)/1000 -> 15.89337 | Y34: =T34/S34 -> 13.333333 | Z34: =SUM(U34:W34)/S34 -> 304.99185 | AB34: =T34/2 -> 1.129
A35: =A34+1 -> 33 | B35: Tanggulan Lt2 | C35: 4950 | D35: 200 | E35: 150 | F35: 10 | G35: 200 | H35: =(D35+(2*40)*F35)*2 -> 2000 | J35: 100 | N35: 100 | P35: 10 | Q35: 200 | R35: =(C35+(2*40+0*50)*P35)*2 -> 11500 | S35: =C35*D35*E35/1000000000 -> 0.1485 | T35: =2*C35*D35/1000000 -> 1.98 | U35: =0.006165*(F35^2*H35*(ROUND(C35/G35,0)+1)+I35^2*K35*(ROUND(C35/J35,0)+1))/1000 -> 32.058 | V35: =0.006165*M35^2*O35*(ROUND(C35/N35,0)+1)/1000*L35 -> 0 | W35: =0.006165*P35^2*R35*(ROUND(D35/Q35,0)+1)/1000 -> 14.1795 | Y35: =T35/S35 -> 13.333333 | Z35: =SUM(U35:W35)/S35 -> 311.36364 | AB35: =T35/2 -> 0.99
A36: =A35+1 -> 34 | B36: Tanggulan Lt2 | C36: 10025 | D36: 200 | E36: 150 | F36: 10 | G36: 200 | H36: =(D36+(2*40)*F36)*2 -> 2000 | J36: 100 | N36: 100 | P36: 10 | Q36: 200 | R36: =(C36+(2*40+0*50)*P36)*2 -> 21650 | S36: =C36*D36*E36/1000000000 -> 0.30075 | T36: =2*C36*D36/1000000 -> 4.01 | U36: =0.006165*(F36^2*H36*(ROUND(C36/G36,0)+1)+I36^2*K36*(ROUND(C36/J36,0)+1))/1000 -> 62.883 | V36: =0.006165*M36^2*O36*(ROUND(C36/N36,0)+1)/1000*L36 -> 0 | W36: =0.006165*P36^2*R36*(ROUND(D36/Q36,0)+1)/1000 -> 26.69445 | Y36: =T36/S36 -> 13.333333 | Z36: =SUM(U36:W36)/S36 -> 297.84688 | AB36: =T36/2 -> 2.005
A37: =A36+1 -> 35 | B37: Lift lt2 | C37: =8800-4000 -> 4800 | D37: 4500 | E37: 170 | F37: 10 | G37: 100 | H37: =(D37+(2*40)*F37)*2 -> 10600 | J37: 100 | L37: 6 | M37: 10 | N37: 100 | O37: 300 | P37: 13 | Q37: 100 | R37: =(C37+(4*40+0*50)*P37)*2 -> 13760 | S37: =C37*D37*E37/1000000000 -> 3.672 | T37: =2*C37*D37/1000000 -> 43.2 | U37: =0.006165*(F37^2*H37*(ROUND(C37/G37,0)+1)+I37^2*K37*(ROUND(C37/J37,0)+1))/1000 -> 320.2101 | V37: =0.006165*M37^2*O37*(ROUND(C37/N37,0)+1)/1000*L37 -> 54.3753 | W37: =0.006165*P37^2*R37*(ROUND(D37/Q37,0)+1)/1000 -> 659.47153 | Y37: =T37/S37 -> 11.764706 | Z37: =SUM(U37:W37)/S37 -> 281.60592 | AB37: =T37/2 -> 21.6
A38: Lantai 3
A39: 28 | B39: Pagar Alas Lt3 | C39: 6725 | D39: 3500 | E39: 100 | F39: 10 | G39: 300 | H39: =(D39+(2*40)*F39) -> 4300 | J39: 100 | N39: 100 | P39: 10 | Q39: 300 | R39: =(C39+(2*40+0*50)*P39) -> 7525 | S39: =C39*D39*E39/1000000000 -> 2.35375 | T39: =2*C39*D39/1000000 -> 47.075 | U39: =0.006165*(F39^2*H39*(ROUND(C39/G39,0)+1)+I39^2*K39*(ROUND(C39/J39,0)+1))/1000 -> 60.97185 | V39: =0.006165*M39^2*O39*(ROUND(C39/N39,0)+1)/1000*L39 -> 0 | W39: =0.006165*P39^2*R39*(ROUND(D39/Q39,0)+1)/1000 -> 60.309113 | Y39: =T39/S39 -> 20 | Z39: =SUM(U39:W39)/S39 -> 51.526697 | AB39: =T39/2 -> 23.5375
A40: 16-17 | B40: Opening Lengkung | C40: 1100 | D40: 5860 | E40: 150 | F40: 10 | G40: 200 | H40: =(D40+(2*40)*F40)*2 -> 13320 | J40: 100 | N40: 100 | P40: 10 | Q40: 200 | R40: =(C40+(2*40+0*50)*P40)*2 -> 3800 | S40: =C40*D40*E40/1000000000 -> 0.9669 | T40: =2*C40*D40/1000000 -> 12.892 | U40: =0.006165*(F40^2*H40*(ROUND(C40/G40,0)+1)+I40^2*K40*(ROUND(C40/J40,0)+1))/1000 -> 57.48246 | V40: =0.006165*M40^2*O40*(ROUND(C40/N40,0)+1)/1000*L40 -> 0 | W40: =0.006165*P40^2*R40*(ROUND(D40/Q40,0)+1)/1000 -> 70.281 | Y40: =T40/S40 -> 13.333333 | Z40: =SUM(U40:W40)/S40 -> 132.1372 | AB40: =T40/2 -> 6.446
A41: 18-19 | B41: Opening Lengkung | C41: 1100 | D41: 5860 | E41: 150 | F41: 10 | G41: 200 | H41: =(D41+(2*40)*F41)*2 -> 13320 | J41: 100 | N41: 100 | P41: 10 | Q41: 200 | R41: =(C41+(2*40+0*50)*P41)*2 -> 3800 | S41: =C41*D41*E41/1000000000 -> 0.9669 | T41: =2*C41*D41/1000000 -> 12.892 | U41: =0.006165*(F41^2*H41*(ROUND(C41/G41,0)+1)+I41^2*K41*(ROUND(C41/J41,0)+1))/1000 -> 57.48246 | V41: =0.006165*M41^2*O41*(ROUND(C41/N41,0)+1)/1000*L41 -> 0 | W41: =0.006165*P41^2*R41*(ROUND(D41/Q41,0)+1)/1000 -> 70.281 | Y41: =T41/S41 -> 13.333333 | Z41: =SUM(U41:W41)/S41 -> 132.1372 | AB41: =T41/2 -> 6.446
A42: 20-21 | B42: Opening Lengkung | C42: 1100 | D42: 5860 | E42: 150 | F42: 10 | G42: 200 | H42: =(D42+(2*40)*F42)*2 -> 13320 | J42: 100 | N42: 100 | P42: 10 | Q42: 200 | R42: =(C42+(2*40+0*50)*P42)*2 -> 3800 | S42: =C42*D42*E42/1000000000 -> 0.9669 | T42: =2*C42*D42/1000000 -> 12.892 | U42: =0.006165*(F42^2*H42*(ROUND(C42/G42,0)+1)+I42^2*K42*(ROUND(C42/J42,0)+1))/1000 -> 57.48246 | V42: =0.006165*M42^2*O42*(ROUND(C42/N42,0)+1)/1000*L42 -> 0 | W42: =0.006165*P42^2*R42*(ROUND(D42/Q42,0)+1)/1000 -> 70.281 | Y42: =T42/S42 -> 13.333333 | Z42: =SUM(U42:W42)/S42 -> 132.1372 | AB42: =T42/2 -> 6.446
A43: 22-23 | B43: Opening Lengkung | C43: 1100 | D43: 5860 | E43: 150 | F43: 10 | G43: 200 | H43: =(D43+(2*40)*F43)*2 -> 13320 | J43: 100 | N43: 100 | P43: 10 | Q43: 200 | R43: =(C43+(2*40+0*50)*P43)*2 -> 3800 | S43: =C43*D43*E43/1000000000 -> 0.9669 | T43: =2*C43*D43/1000000 -> 12.892 | U43: =0.006165*(F43^2*H43*(ROUND(C43/G43,0)+1)+I43^2*K43*(ROUND(C43/J43,0)+1))/1000 -> 57.48246 | V43: =0.006165*M43^2*O43*(ROUND(C43/N43,0)+1)/1000*L43 -> 0 | W43: =0.006165*P43^2*R43*(ROUND(D43/Q43,0)+1)/1000 -> 70.281 | Y43: =T43/S43 -> 13.333333 | Z43: =SUM(U43:W43)/S43 -> 132.1372 | AB43: =T43/2 -> 6.446
A44: 24-25 | B44: Opening Lengkung | C44: 1100 | D44: 5860 | E44: 150 | F44: 10 | G44: 200 | H44: =(D44+(2*40)*F44)*2 -> 13320 | J44: 100 | N44: 100 | P44: 10 | Q44: 200 | R44: =(C44+(2*40+0*50)*P44)*2 -> 3800 | S44: =C44*D44*E44/1000000000 -> 0.9669 | T44: =2*C44*D44/1000000 -> 12.892 | U44: =0.006165*(F44^2*H44*(ROUND(C44/G44,0)+1)+I44^2*K44*(ROUND(C44/J44,0)+1))/1000 -> 57.48246 | V44: =0.006165*M44^2*O44*(ROUND(C44/N44,0)+1)/1000*L44 -> 0 | W44: =0.006165*P44^2*R44*(ROUND(D44/Q44,0)+1)/1000 -> 70.281 | Y44: =T44/S44 -> 13.333333 | Z44: =SUM(U44:W44)/S44 -> 132.1372 | AB44: =T44/2 -> 6.446
A45: 29 | B45: Tanggulan Lt3 | C45: 1775 | D45: 200 | E45: 150 | F45: 10 | G45: 200 | H45: =(D45+(2*40)*F45)*2 -> 2000 | J45: 100 | N45: 100 | P45: 10 | Q45: 200 | R45: =(C45+(2*40+0*50)*P45)*2 -> 5150 | S45: =C45*D45*E45/1000000000 -> 0.05325 | T45: =2*C45*D45/1000000 -> 0.71 | U45: =0.006165*(F45^2*H45*(ROUND(C45/G45,0)+1)+I45^2*K45*(ROUND(C45/J45,0)+1))/1000 -> 12.33 | V45: =0.006165*M45^2*O45*(ROUND(C45/N45,0)+1)/1000*L45 -> 0 | W45: =0.006165*P45^2*R45*(ROUND(D45/Q45,0)+1)/1000 -> 6.34995 | Y45: =T45/S45 -> 13.333333 | Z45: =SUM(U45:W45)/S45 -> 350.79718 | AB45: =T45/2 -> 0.355
A46: =A45+1 -> 30 | B46: Tanggulan Lt3 | C46: 2375 | D46: 200 | E46: 150 | F46: 10 | G46: 200 | H46: =(D46+(2*40)*F46)*2 -> 2000 | J46: 100 | N46: 100 | P46: 10 | Q46: 200 | R46: =(C46+(2*40+0*50)*P46)*2 -> 6350 | S46: =C46*D46*E46/1000000000 -> 0.07125 | T46: =2*C46*D46/1000000 -> 0.95 | U46: =0.006165*(F46^2*H46*(ROUND(C46/G46,0)+1)+I46^2*K46*(ROUND(C46/J46,0)+1))/1000 -> 16.029 | V46: =0.006165*M46^2*O46*(ROUND(C46/N46,0)+1)/1000*L46 -> 0 | W46: =0.006165*P46^2*R46*(ROUND(D46/Q46,0)+1)/1000 -> 7.82955 | Y46: =T46/S46 -> 13.333333 | Z46: =SUM(U46:W46)/S46 -> 334.85684 | AB46: =T46/2 -> 0.475
A47: =A46+1 -> 31 | B47: Tanggulan Lt3 | C47: 1325 | D47: 200 | E47: 150 | F47: 10 | G47: 200 | H47: =(D47+(2*40)*F47)*2 -> 2000 | J47: 100 | N47: 100 | P47: 10 | Q47: 200 | R47: =(C47+(2*40+0*50)*P47)*2 -> 4250 | S47: =C47*D47*E47/1000000000 -> 0.03975 | T47: =2*C47*D47/1000000 -> 0.53 | U47: =0.006165*(F47^2*H47*(ROUND(C47/G47,0)+1)+I47^2*K47*(ROUND(C47/J47,0)+1))/1000 -> 9.864 | V47: =0.006165*M47^2*O47*(ROUND(C47/N47,0)+1)/1000*L47 -> 0 | W47: =0.006165*P47^2*R47*(ROUND(D47/Q47,0)+1)/1000 -> 5.24025 | Y47: =T47/S47 -> 13.333333 | Z47: =SUM(U47:W47)/S47 -> 379.98113 | AB47: =T47/2 -> 0.265
A48: =A47+1 -> 32 | B48: Tanggulan Lt3 | C48: 3775 | D48: 200 | E48: 150 | F48: 10 | G48: 200 | H48: =(D48+(2*40)*F48)*2 -> 2000 | J48: 100 | N48: 100 | P48: 10 | Q48: 200 | R48: =(C48+(2*40+0*50)*P48)*2 -> 9150 | S48: =C48*D48*E48/1000000000 -> 0.11325 | T48: =2*C48*D48/1000000 -> 1.51 | U48: =0.006165*(F48^2*H48*(ROUND(C48/G48,0)+1)+I48^2*K48*(ROUND(C48/J48,0)+1))/1000 -> 24.66 | V48: =0.006165*M48^2*O48*(ROUND(C48/N48,0)+1)/1000*L48 -> 0 | W48: =0.006165*P48^2*R48*(ROUND(D48/Q48,0)+1)/1000 -> 11.28195 | Y48: =T48/S48 -> 13.333333 | Z48: =SUM(U48:W48)/S48 -> 317.36821 | AB48: =T48/2 -> 0.755
A49: =A48+1 -> 33 | B49: Lift lt3 | C49: =8800-4000 -> 4800 | D49: 4500 | E49: 170 | F49: 10 | G49: 100 | H49: =(D49+(2*40)*F49)*2 -> 10600 | J49: 100 | L49: 6 | M49: 10 | N49: 100 | O49: 300 | P49: 13 | Q49: 100 | R49: =(C49+(4*40+0*50)*P49)*2 -> 13760 | S49: =C49*D49*E49/1000000000 -> 3.672 | T49: =2*C49*D49/1000000 -> 43.2 | U49: =0.006165*(F49^2*H49*(ROUND(C49/G49,0)+1)+I49^2*K49*(ROUND(C49/J49,0)+1))/1000 -> 320.2101 | V49: =0.006165*M49^2*O49*(ROUND(C49/N49,0)+1)/1000*L49 -> 54.3753 | W49: =0.006165*P49^2*R49*(ROUND(D49/Q49,0)+1)/1000 -> 659.47153 | Y49: =T49/S49 -> 11.764706 | Z49: =SUM(U49:W49)/S49 -> 281.60592 | AB49: =T49/2 -> 21.6
A50: Lantai Atap
A51: 1 | B51: Tanggulan Lt Atap | C51: 19925 | D51: 200 | E51: 150 | F51: 10 | G51: 200 | H51: =(D51+(2*40)*F51)*2 -> 2000 | J51: 100 | N51: 100 | P51: 10 | Q51: 200 | R51: =(C51+(2*40+0*50)*P51)*2 -> 41450 | S51: =C51*D51*E51/1000000000 -> 0.59775 | T51: =2*C51*D51/1000000 -> 7.97 | U51: =0.006165*(F51^2*H51*(ROUND(C51/G51,0)+1)+I51^2*K51*(ROUND(C51/J51,0)+1))/1000 -> 124.533 | V51: =0.006165*M51^2*O51*(ROUND(C51/N51,0)+1)/1000*L51 -> 0 | W51: =0.006165*P51^2*R51*(ROUND(D51/Q51,0)+1)/1000 -> 51.10785 | Y51: =T51/S51 -> 13.333333 | Z51: =SUM(U51:W51)/S51 -> 293.83664 | AB51: =T51/2 -> 3.985
A52: =A51+1 -> 2 | B52: Tanggulan Lt Atap | C52: 21280 | D52: 200 | E52: 150 | F52: 10 | G52: 200 | H52: =(D52+(2*40)*F52)*2 -> 2000 | J52: 100 | N52: 100 | P52: 10 | Q52: 200 | R52: =(C52+(2*40+0*50)*P52)*2 -> 44160 | S52: =C52*D52*E52/1000000000 -> 0.6384 | T52: =2*C52*D52/1000000 -> 8.512 | U52: =0.006165*(F52^2*H52*(ROUND(C52/G52,0)+1)+I52^2*K52*(ROUND(C52/J52,0)+1))/1000 -> 131.931 | V52: =0.006165*M52^2*O52*(ROUND(C52/N52,0)+1)/1000*L52 -> 0 | W52: =0.006165*P52^2*R52*(ROUND(D52/Q52,0)+1)/1000 -> 54.44928 | Y52: =T52/S52 -> 13.333333 | Z52: =SUM(U52:W52)/S52 -> 291.94906 | AB52: =T52/2 -> 4.256
A53: Penebalan Sloof
A54: 1 | B54: Penebalan Sloof | C54: 1310 | D54: 400 | E54: 300 | F54: 10 | G54: 200 | H54: =(D54+(2*40)*F54)*2 -> 2400 | J54: 100 | L54: =ROUND(D54/100-2,0) -> 2 | M54: 10 | N54: 100 | O54: =E54 -> 300 | P54: 10 | Q54: 100 | R54: =(C54+(2*40+0*50)*P54)*2 -> 4220 | S54: =C54*D54*E54/1000000000 -> 0.1572 | T54: =2*C54*D54/1000000 -> 1.048 | U54: =0.006165*(F54^2*H54*(ROUND(C54/G54,0)+1)+I54^2*K54*(ROUND(C54/J54,0)+1))/1000 -> 11.8368 | V54: =0.006165*M54^2*O54*(ROUND(C54/N54,0)+1)/1000*L54 -> 5.1786 | W54: =0.006165*P54^2*R54*(ROUND(D54/Q54,0)+1)/1000 -> 13.00815 | Y54: =T54/S54 -> 6.6666667 | Z54: =SUM(U54:W54)/S54 -> 190.9895 | AB54: =T54/2 -> 0.524
A55: =A54+1 -> 2 | B55: Penebalan Sloof | C55: 650 | D55: 500 | E55: 200 | F55: 10 | G55: 200 | H55: =(D55+(2*40)*F55)*2 -> 2600 | J55: 100 | L55: =ROUND(D55/100-2,0) -> 3 | M55: 10 | N55: 100 | O55: =E55 -> 200 | P55: 10 | Q55: 100 | R55: =(C55+(2*40+0*50)*P55)*2 -> 2900 | S55: =C55*D55*E55/1000000000 -> 0.065 | T55: =2*C55*D55/1000000 -> 0.65 | U55: =0.006165*(F55^2*H55*(ROUND(C55/G55,0)+1)+I55^2*K55*(ROUND(C55/J55,0)+1))/1000 -> 6.4116 | V55: =0.006165*M55^2*O55*(ROUND(C55/N55,0)+1)/1000*L55 -> 2.9592 | W55: =0.006165*P55^2*R55*(ROUND(D55/Q55,0)+1)/1000 -> 10.7271 | Y55: =T55/S55 -> 10 | Z55: =SUM(U55:W55)/S55 -> 309.19846 | AB55: =T55/2 -> 0.325
A56: =A55+1 -> 3 | B56: Penebalan Sloof
A57: =A56+1 -> 4 | B57: Penebalan Sloof
A58: =A57+1 -> 5 | B58: Penebalan Sloof
A59: =A58+1 -> 6 | B59: Penebalan Sloof
A60: =A59+1 -> 7 | B60: Penebalan Sloof
A61: =A60+1 -> 8 | B61: Penebalan Sloof
A62: =A61+1 -> 9 | B62: Penebalan Sloof | C62: 225 | D62: 1200 | E62: 200 | F62: 10 | G62: 200 | H62: =(D62+(2*40)*F62)*2 -> 4000 | J62: 100 | L62: =ROUND(D62/100-2,0) -> 10 | M62: 10 | N62: 100 | O62: =E62 -> 200 | P62: 10 | Q62: 100 | R62: =(C62+(2*40+0*50)*P62)*2 -> 2050 | S62: =C62*D62*E62/1000000000 -> 0.054 | T62: =2*C62*D62/1000000 -> 0.54 | U62: =0.006165*(F62^2*H62*(ROUND(C62/G62,0)+1)+I62^2*K62*(ROUND(C62/J62,0)+1))/1000 -> 4.932 | V62: =0.006165*M62^2*O62*(ROUND(C62/N62,0)+1)/1000*L62 -> 3.699 | W62: =0.006165*P62^2*R62*(ROUND(D62/Q62,0)+1)/1000 -> 16.429725 | Y62: =T62/S62 -> 10 | Z62: =SUM(U62:W62)/S62 -> 464.0875 | AB62: =T62/2 -> 0.27
A63: =A62+1 -> 10 | B63: Penebalan Sloof | AB63: =T63/2 -> 0
A64: =A63+1 -> 11 | B64: Penebalan Sloof | C64: 225 | D64: 1200 | E64: 200 | F64: 10 | G64: 200 | H64: =(D64+(2*40)*F64)*2 -> 4000 | J64: 100 | L64: =ROUND(D64/100-2,0) -> 10 | M64: 10 | N64: 100 | O64: =E64 -> 200 | P64: 10 | Q64: 100 | R64: =(C64+(2*40+0*50)*P64)*2 -> 2050 | S64: =C64*D64*E64/1000000000 -> 0.054 | T64: =2*C64*D64/1000000 -> 0.54 | U64: =0.006165*(F64^2*H64*(ROUND(C64/G64,0)+1)+I64^2*K64*(ROUND(C64/J64,0)+1))/1000 -> 4.932 | V64: =0.006165*M64^2*O64*(ROUND(C64/N64,0)+1)/1000*L64 -> 3.699 | W64: =0.006165*P64^2*R64*(ROUND(D64/Q64,0)+1)/1000 -> 16.429725 | Y64: =T64/S64 -> 10 | Z64: =SUM(U64:W64)/S64 -> 464.0875 | AB64: =T64/2 -> 0.27
A65: =A64+1 -> 12 | B65: Penebalan Sloof
A66: =A65+1 -> 13 | B66: Penebalan Sloof
A67: =A66+1 -> 14 | B67: Penebalan Sloof
A68: =A67+1 -> 15 | B68: Penebalan Sloof | C68: 450 | D68: 600 | E68: 200 | F68: 10 | G68: 200 | H68: =(D68+(2*40)*F68)*2 -> 2800 | J68: 100 | L68: =ROUND(D68/100-2,0) -> 4 | M68: 10 | N68: 100 | O68: =E68 -> 200 | P68: 10 | Q68: 100 | R68: =(C68+(2*40+0*50)*P68)*2 -> 2500 | S68: =C68*D68*E68/1000000000 -> 0.054 | T68: =2*C68*D68/1000000 -> 0.54 | U68: =0.006165*(F68^2*H68*(ROUND(C68/G68,0)+1)+I68^2*K68*(ROUND(C68/J68,0)+1))/1000 -> 5.1786 | V68: =0.006165*M68^2*O68*(ROUND(C68/N68,0)+1)/1000*L68 -> 2.9592 | W68: =0.006165*P68^2*R68*(ROUND(D68/Q68,0)+1)/1000 -> 10.78875 | Y68: =T68/S68 -> 10 | Z68: =SUM(U68:W68)/S68 -> 350.49167 | AB68: =T68/2 -> 0.27
A69: =A68+1 -> 16 | B69: Penebalan Sloof | C69: 650 | D69: 400 | E69: 200 | F69: 10 | G69: 200 | H69: =(D69+(2*40)*F69)*2 -> 2400 | J69: 100 | L69: =ROUND(D69/100-2,0) -> 2 | M69: 10 | N69: 100 | O69: =E69 -> 200 | P69: 10 | Q69: 100 | R69: =(C69+(2*40+0*50)*P69)*2 -> 2900 | S69: =C69*D69*E69/1000000000 -> 0.052 | T69: =2*C69*D69/1000000 -> 0.52 | U69: =0.006165*(F69^2*H69*(ROUND(C69/G69,0)+1)+I69^2*K69*(ROUND(C69/J69,0)+1))/1000 -> 5.9184 | V69: =0.006165*M69^2*O69*(ROUND(C69/N69,0)+1)/1000*L69 -> 1.9728 | W69: =0.006165*P69^2*R69*(ROUND(D69/Q69,0)+1)/1000 -> 8.93925 | Y69: =T69/S69 -> 10 | Z69: =SUM(U69:W69)/S69 -> 323.6625 | AB69: =T69/2 -> 0.26
A70: =A69+1 -> 17 | B70: Penebalan Sloof | C70: 580 | D70: 400 | E70: 300 | F70: 10 | G70: 200 | H70: =(D70+(2*40)*F70)*2 -> 2400 | J70: 100 | L70: =ROUND(D70/100-2,0) -> 2 | M70: 10 | N70: 100 | O70: =E70 -> 300 | P70: 10 | Q70: 100 | R70: =(C70+(2*40+0*50)*P70)*2 -> 2760 | S70: =C70*D70*E70/1000000000 -> 0.0696 | T70: =2*C70*D70/1000000 -> 0.464 | U70: =0.006165*(F70^2*H70*(ROUND(C70/G70,0)+1)+I70^2*K70*(ROUND(C70/J70,0)+1))/1000 -> 5.9184 | V70: =0.006165*M70^2*O70*(ROUND(C70/N70,0)+1)/1000*L70 -> 2.5893 | W70: =0.006165*P70^2*R70*(ROUND(D70/Q70,0)+1)/1000 -> 8.5077 | Y70: =T70/S70 -> 6.6666667 | Z70: =SUM(U70:W70)/S70 -> 244.47414 | AB70: =T70/2 -> 0.232
A71: =A70+1 -> 18 | B71: Penebalan Sloof | C71: 675 | D71: 400 | E71: 300 | F71: 10 | G71: 200 | H71: =(D71+(2*40)*F71)*2 -> 2400 | J71: 100 | L71: =ROUND(D71/100-2,0) -> 2 | M71: 10 | N71: 100 | O71: =E71 -> 300 | P71: 10 | Q71: 100 | R71: =(C71+(2*40+0*50)*P71)*2 -> 2950 | S71: =C71*D71*E71/1000000000 -> 0.081 | T71: =2*C71*D71/1000000 -> 0.54 | U71: =0.006165*(F71^2*H71*(ROUND(C71/G71,0)+1)+I71^2*K71*(ROUND(C71/J71,0)+1))/1000 -> 5.9184 | V71: =0.006165*M71^2*O71*(ROUND(C71/N71,0)+1)/1000*L71 -> 2.9592 | W71: =0.006165*P71^2*R71*(ROUND(D71/Q71,0)+1)/1000 -> 9.093375 | Y71: =T71/S71 -> 6.6666667 | Z71: =SUM(U71:W71)/S71 -> 221.86389 | AB71: =T71/2 -> 0.27
A72: =A71+1 -> 19 | B72: Penebalan Sloof | F72: 10 | G72: 200 | H72: =(D72+(2*40)*F72)*2 -> 1600 | J72: 100 | L72: =ROUND(D72/100-2,0) -> -2 | M72: 10 | N72: 100 | O72: =E72 -> 0 | P72: 10 | Q72: 100 | R72: =(C72+(2*40+0*50)*P72)*2 -> 1600 | S72: =C72*D72*E72/1000000000 -> 0 | T72: =2*C72*D72/1000000 -> 0 | U72: =0.006165*(F72^2*H72*(ROUND(C72/G72,0)+1)+I72^2*K72*(ROUND(C72/J72,0)+1))/1000 -> 0.9864 | V72: =0.006165*M72^2*O72*(ROUND(C72/N72,0)+1)/1000*L72 -> 0 | W72: =0.006165*P72^2*R72*(ROUND(D72/Q72,0)+1)/1000 -> 0.9864
A73: =A72+1 -> 20 | B73: Penebalan Sloof | C73: 515 | D73: 400 | E73: 300 | F73: 10 | G73: 200 | H73: =(D73+(2*40)*F73)*2 -> 2400 | J73: 100 | L73: =ROUND(D73/100-2,0) -> 2 | M73: 10 | N73: 100 | O73: =E73 -> 300 | P73: 10 | Q73: 100 | R73: =(C73+(2*40+0*50)*P73)*2 -> 2630 | S73: =C73*D73*E73/1000000000 -> 0.0618 | T73: =2*C73*D73/1000000 -> 0.412 | U73: =0.006165*(F73^2*H73*(ROUND(C73/G73,0)+1)+I73^2*K73*(ROUND(C73/J73,0)+1))/1000 -> 5.9184 | V73: =0.006165*M73^2*O73*(ROUND(C73/N73,0)+1)/1000*L73 -> 2.2194 | W73: =0.006165*P73^2*R73*(ROUND(D73/Q73,0)+1)/1000 -> 8.106975 | Y73: =T73/S73 -> 6.6666667 | Z73: =SUM(U73:W73)/S73 -> 262.86044 | AB73: =T73/2 -> 0.206
A74: =A73+1 -> 21 | B74: Penebalan Sloof | C74: 405 | D74: 400 | E74: 300 | F74: 10 | G74: 200 | H74: =(D74+(2*40)*F74)*2 -> 2400 | J74: 100 | L74: =ROUND(D74/100-2,0) -> 2 | M74: 10 | N74: 100 | O74: =E74 -> 300 | P74: 10 | Q74: 100 | R74: =(C74+(2*40+0*50)*P74)*2 -> 2410 | S74: =C74*D74*E74/1000000000 -> 0.0486 | T74: =2*C74*D74/1000000 -> 0.324 | U74: =0.006165*(F74^2*H74*(ROUND(C74/G74,0)+1)+I74^2*K74*(ROUND(C74/J74,0)+1))/1000 -> 4.4388 | V74: =0.006165*M74^2*O74*(ROUND(C74/N74,0)+1)/1000*L74 -> 1.8495 | W74: =0.006165*P74^2*R74*(ROUND(D74/Q74,0)+1)/1000 -> 7.428825 | Y74: =T74/S74 -> 6.6666667 | Z74: =SUM(U74:W74)/S74 -> 282.24537 | AB74: =T74/2 -> 0.162
A75: =A74+1 -> 22 | B75: Penebalan Sloof | C75: 675 | D75: 400 | E75: 300 | F75: 10 | G75: 200 | H75: =(D75+(2*40)*F75)*2 -> 2400 | J75: 100 | L75: =ROUND(D75/100-2,0) -> 2 | M75: 10 | N75: 100 | O75: =E75 -> 300 | P75: 10 | Q75: 100 | R75: =(C75+(2*40+0*50)*P75)*2 -> 2950 | S75: =C75*D75*E75/1000000000 -> 0.081 | T75: =2*C75*D75/1000000 -> 0.54 | U75: =0.006165*(F75^2*H75*(ROUND(C75/G75,0)+1)+I75^2*K75*(ROUND(C75/J75,0)+1))/1000 -> 5.9184 | V75: =0.006165*M75^2*O75*(ROUND(C75/N75,0)+1)/1000*L75 -> 2.9592 | W75: =0.006165*P75^2*R75*(ROUND(D75/Q75,0)+1)/1000 -> 9.093375 | Y75: =T75/S75 -> 6.6666667 | Z75: =SUM(U75:W75)/S75 -> 221.86389 | AB75: =T75/2 -> 0.27
A76: =A75+1 -> 23 | B76: Penebalan Sloof | C76: 500 | D76: 500 | E76: 200 | F76: 10 | G76: 200 | H76: =(D76+(2*40)*F76)*2 -> 2600 | J76: 100 | L76: =ROUND(D76/100-2,0) -> 3 | M76: 10 | N76: 100 | O76: =E76 -> 200 | P76: 10 | Q76: 100 | R76: =(C76+(2*40+0*50)*P76)*2 -> 2600 | S76: =C76*D76*E76/1000000000 -> 0.05 | T76: =2*C76*D76/1000000 -> 0.5 | U76: =0.006165*(F76^2*H76*(ROUND(C76/G76,0)+1)+I76^2*K76*(ROUND(C76/J76,0)+1))/1000 -> 6.4116 | V76: =0.006165*M76^2*O76*(ROUND(C76/N76,0)+1)/1000*L76 -> 2.2194 | W76: =0.006165*P76^2*R76*(ROUND(D76/Q76,0)+1)/1000 -> 9.6174 | Y76: =T76/S76 -> 10 | Z76: =SUM(U76:W76)/S76 -> 364.968 | AB76: =T76/2 -> 0.25
A77: =A76+1 -> 24 | B77: Penebalan Sloof | C77: 500 | D77: 400 | E77: 300 | F77: 10 | G77: 200 | H77: =(D77+(2*40)*F77)*2 -> 2400 | J77: 100 | L77: =ROUND(D77/100-2,0) -> 2 | M77: 10 | N77: 100 | O77: =E77 -> 300 | P77: 10 | Q77: 100 | R77: =(C77+(2*40+0*50)*P77)*2 -> 2600 | S77: =C77*D77*E77/1000000000 -> 0.06 | T77: =2*C77*D77/1000000 -> 0.4 | U77: =0.006165*(F77^2*H77*(ROUND(C77/G77,0)+1)+I77^2*K77*(ROUND(C77/J77,0)+1))/1000 -> 5.9184 | V77: =0.006165*M77^2*O77*(ROUND(C77/N77,0)+1)/1000*L77 -> 2.2194 | W77: =0.006165*P77^2*R77*(ROUND(D77/Q77,0)+1)/1000 -> 8.0145 | Y77: =T77/S77 -> 6.6666667 | Z77: =SUM(U77:W77)/S77 -> 269.205 | AB77: =T77/2 -> 0.2
A78: =A77+1 -> 25 | B78: Penebalan Sloof | C78: 675 | D78: 400 | E78: 300 | F78: 10 | G78: 200 | H78: =(D78+(2*40)*F78)*2 -> 2400 | J78: 100 | L78: =ROUND(D78/100-2,0) -> 2 | M78: 10 | N78: 100 | O78: =E78 -> 300 | P78: 10 | Q78: 100 | R78: =(C78+(2*40+0*50)*P78)*2 -> 2950 | S78: =C78*D78*E78/1000000000 -> 0.081 | T78: =2*C78*D78/1000000 -> 0.54 | U78: =0.006165*(F78^2*H78*(ROUND(C78/G78,0)+1)+I78^2*K78*(ROUND(C78/J78,0)+1))/1000 -> 5.9184 | V78: =0.006165*M78^2*O78*(ROUND(C78/N78,0)+1)/1000*L78 -> 2.9592 | W78: =0.006165*P78^2*R78*(ROUND(D78/Q78,0)+1)/1000 -> 9.093375 | Y78: =T78/S78 -> 6.6666667 | Z78: =SUM(U78:W78)/S78 -> 221.86389 | AB78: =T78/2 -> 0.27
A79: =A78+1 -> 26 | B79: Penebalan Sloof | C79: 580 | D79: 400 | E79: 300 | F79: 10 | G79: 200 | H79: =(D79+(2*40)*F79)*2 -> 2400 | J79: 100 | L79: =ROUND(D79/100-2,0) -> 2 | M79: 10 | N79: 100 | O79: =E79 -> 300 | P79: 10 | Q79: 100 | R79: =(C79+(2*40+0*50)*P79)*2 -> 2760 | S79: =C79*D79*E79/1000000000 -> 0.0696 | T79: =2*C79*D79/1000000 -> 0.464 | U79: =0.006165*(F79^2*H79*(ROUND(C79/G79,0)+1)+I79^2*K79*(ROUND(C79/J79,0)+1))/1000 -> 5.9184 | V79: =0.006165*M79^2*O79*(ROUND(C79/N79,0)+1)/1000*L79 -> 2.5893 | W79: =0.006165*P79^2*R79*(ROUND(D79/Q79,0)+1)/1000 -> 8.5077 | Y79: =T79/S79 -> 6.6666667 | Z79: =SUM(U79:W79)/S79 -> 244.47414 | AB79: =T79/2 -> 0.232
A80: =A79+1 -> 27 | B80: Penebalan Sloof | C80: 345 | D80: 400 | E80: 300 | F80: 10 | G80: 200 | H80: =(D80+(2*40)*F80)*2 -> 2400 | J80: 100 | L80: =ROUND(D80/100-2,0) -> 2 | M80: 10 | N80: 100 | O80: =E80 -> 300 | P80: 10 | Q80: 100 | R80: =(C80+(2*40+0*50)*P80)*2 -> 2290 | S80: =C80*D80*E80/1000000000 -> 0.0414 | T80: =2*C80*D80/1000000 -> 0.276 | U80: =0.006165*(F80^2*H80*(ROUND(C80/G80,0)+1)+I80^2*K80*(ROUND(C80/J80,0)+1))/1000 -> 4.4388 | V80: =0.006165*M80^2*O80*(ROUND(C80/N80,0)+1)/1000*L80 -> 1.4796 | W80: =0.006165*P80^2*R80*(ROUND(D80/Q80,0)+1)/1000 -> 7.058925 | Y80: =T80/S80 -> 6.6666667 | Z80: =SUM(U80:W80)/S80 -> 313.46196 | AB80: =T80/2 -> 0.138
A81: =A80+1 -> 28 | B81: Penebalan Sloof | C81: 390 | D81: 600 | E81: 200 | F81: 10 | G81: 200 | H81: =(D81+(2*40)*F81)*2 -> 2800 | J81: 100 | L81: =ROUND(D81/100-2,0) -> 4 | M81: 10 | N81: 100 | O81: =E81 -> 200 | P81: 10 | Q81: 100 | R81: =(C81+(2*40+0*50)*P81)*2 -> 2380 | S81: =C81*D81*E81/1000000000 -> 0.0468 | T81: =2*C81*D81/1000000 -> 0.468 | U81: =0.006165*(F81^2*H81*(ROUND(C81/G81,0)+1)+I81^2*K81*(ROUND(C81/J81,0)+1))/1000 -> 5.1786 | V81: =0.006165*M81^2*O81*(ROUND(C81/N81,0)+1)/1000*L81 -> 2.466 | W81: =0.006165*P81^2*R81*(ROUND(D81/Q81,0)+1)/1000 -> 10.27089 | Y81: =T81/S81 -> 10 | Z81: =SUM(U81:W81)/S81 -> 382.80962 | AB81: =T81/2 -> 0.234
A82: =A81+1 -> 29 | B82: Penebalan Sloof | C82: 450 | D82: 600 | E82: 200 | F82: 10 | G82: 200 | H82: =(D82+(2*40)*F82)*2 -> 2800 | J82: 100 | L82: =ROUND(D82/100-2,0) -> 4 | M82: 10 | N82: 100 | O82: =E82 -> 200 | P82: 10 | Q82: 100 | R82: =(C82+(2*40+0*50)*P82)*2 -> 2500 | S82: =C82*D82*E82/1000000000 -> 0.054 | T82: =2*C82*D82/1000000 -> 0.54 | U82: =0.006165*(F82^2*H82*(ROUND(C82/G82,0)+1)+I82^2*K82*(ROUND(C82/J82,0)+1))/1000 -> 5.1786 | V82: =0.006165*M82^2*O82*(ROUND(C82/N82,0)+1)/1000*L82 -> 2.9592 | W82: =0.006165*P82^2*R82*(ROUND(D82/Q82,0)+1)/1000 -> 10.78875 | Y82: =T82/S82 -> 10 | Z82: =SUM(U82:W82)/S82 -> 350.49167 | AB82: =T82/2 -> 0.27
A83: =A82+1 -> 30 | B83: Penebalan Sloof | C83: 115 | D83: 600 | E83: 200 | F83: 10 | G83: 200 | H83: =(D83+(2*40)*F83)*2 -> 2800 | J83: 100 | L83: =ROUND(D83/100-2,0) -> 4 | M83: 10 | N83: 100 | O83: =E83 -> 200 | P83: 10 | Q83: 100 | R83: =(C83+(2*40+0*50)*P83)*2 -> 1830 | S83: =C83*D83*E83/1000000000 -> 0.0138 | T83: =2*C83*D83/1000000 -> 0.138 | U83: =0.006165*(F83^2*H83*(ROUND(C83/G83,0)+1)+I83^2*K83*(ROUND(C83/J83,0)+1))/1000 -> 3.4524 | V83: =0.006165*M83^2*O83*(ROUND(C83/N83,0)+1)/1000*L83 -> 0.9864 | W83: =0.006165*P83^2*R83*(ROUND(D83/Q83,0)+1)/1000 -> 7.897365 | Y83: =T83/S83 -> 10 | Z83: =SUM(U83:W83)/S83 -> 893.925 | AB83: =T83/2 -> 0.069
A84: =A83+1 -> 31 | B84: Penebalan Sloof | C84: 550 | D84: 600 | E84: 200 | F84: 10 | G84: 200 | H84: =(D84+(2*40)*F84)*2 -> 2800 | J84: 100 | L84: =ROUND(D84/100-2,0) -> 4 | M84: 10 | N84: 100 | O84: =E84 -> 200 | P84: 10 | Q84: 100 | R84: =(C84+(2*40+0*50)*P84)*2 -> 2700 | S84: =C84*D84*E84/1000000000 -> 0.066 | T84: =2*C84*D84/1000000 -> 0.66 | U84: =0.006165*(F84^2*H84*(ROUND(C84/G84,0)+1)+I84^2*K84*(ROUND(C84/J84,0)+1))/1000 -> 6.9048 | V84: =0.006165*M84^2*O84*(ROUND(C84/N84,0)+1)/1000*L84 -> 3.4524 | W84: =0.006165*P84^2*R84*(ROUND(D84/Q84,0)+1)/1000 -> 11.65185 | Y84: =T84/S84 -> 10 | Z84: =SUM(U84:W84)/S84 -> 333.47045 | AB84: =T84/2 -> 0.33
... A86: =A85+1 -> 33 | B86: Penebalan Sloof | C86: 525 | D86: 600 | E86: 200 | F86: 10 | G86: 200 | H86: =(D86+(2*40)*F86)*2 -> 2800 | J86: 100 | L86: =ROUND(D86/100-2,0) -> 4 | M86: 10 | N86: 100 | O86: =E86 -> 200 | P86: 10 | Q86: 100 | R86: =(C86+(2*40+0*50)*P86)*2 -> 2650 | S86: =C86*D86*E86/1000000000 -> 0.063 | T86: =2*C86*D86/1000000 -> 0.63 | U86: =0.006165*(F86^2*H86*(ROUND(C86/G86,0)+1)+I86^2*K86*(ROUND(C86/J86,0)+1))/1000 -> 6.9048 | V86: =0.006165*M86^2*O86*(ROUND(C86/N86,0)+1)/1000*L86 -> 2.9592 | W86: =0.006165*P86^2*R86*(ROUND(D86/Q86,0)+1)/1000 -> 11.436075 | Y86: =T86/S86 -> 10 | Z86: =SUM(U86:W86)/S86 -> 338.09643 | AB86: =T86/2 -> 0.315
A87: =A86+1 -> 34 | B87: Penebalan Sloof
A88: =A87+1 -> 35 | B88: Penebalan Sloof
A89: =A88+1 -> 36 | B89: Penebalan Sloof
A90: =A89+1 -> 37 | B90: Penebalan Sloof | C90: 355 | D90: 600 | E90: 200 | F90: 10 | G90: 200 | H90: =(D90+(2*40)*F90)*2 -> 2800 | J90: 100 | L90: =ROUND(D90/100-2,0) -> 4 | M90: 10 | N90: 100 | O90: =E90 -> 200 | P90: 10 | Q90: 100 | R90: =(C90+(2*40+0*50)*P90)*2 -> 2310 | S90: =C90*D90*E90/1000000000 -> 0.0426 | T90: =2*C90*D90/1000000 -> 0.426 | U90: =0.006165*(F90^2*H90*(ROUND(C90/G90,0)+1)+I90^2*K90*(ROUND(C90/J90,0)+1))/1000 -> 5.1786 | V90: =0.006165*M90^2*O90*(ROUND(C90/N90,0)+1)/1000*L90 -> 2.466 | W90: =0.006165*P90^2*R90*(ROUND(D90/Q90,0)+1)/1000 -> 9.968805 | Y90: =T90/S90 -> 10 | Z90: =SUM(U90:W90)/S90 -> 413.46021 | AB90: =T90/2 -> 0.213
A91: =A90+1 -> 38 | B91: Penebalan Sloof | C91: 580 | D91: 500 | E91: 200 | F91: 10 | G91: 200 | H91: =(D91+(2*40)*F91)*2 -> 2600 | J91: 100 | L91: =ROUND(D91/100-2,0) -> 3 | M91: 10 | N91: 100 | O91: =E91 -> 200 | P91: 10 | Q91: 100 | R91: =(C91+(2*40+0*50)*P91)*2 -> 2760 | S91: =C91*D91*E91/1000000000 -> 0.058 | T91: =2*C91*D91/1000000 -> 0.58 | U91: =0.006165*(F91^2*H91*(ROUND(C91/G91,0)+1)+I91^2*K91*(ROUND(C91/J91,0)+1))/1000 -> 6.4116 | V91: =0.006165*M91^2*O91*(ROUND(C91/N91,0)+1)/1000*L91 -> 2.5893 | W91: =0.006165*P91^2*R91*(ROUND(D91/Q91,0)+1)/1000 -> 10.20924 | Y91: =T91/S91 -> 10 | Z91: =SUM(U91:W91)/S91 -> 331.20931 | AB91: =T91/2 -> 0.29
A92: =A91+1 -> 39 | B92: Penebalan Sloof
A93: =A92+1 -> 40 | B93: Penebalan Sloof
A94: =A93+1 -> 41 | B94: Penebalan Sloof | C94: 350 | D94: 600 | E94: 200 | F94: 10 | G94: 200 | H94: =(D94+(2*40)*F94)*2 -> 2800 | J94: 100 | L94: =ROUND(D94/100-2,0) -> 4 | M94: 10 | N94: 100 | O94: =E94 -> 200 | P94: 10 | Q94: 100 | R94: =(C94+(2*40+0*50)*P94)*2 -> 2300 | S94: =C94*D94*E94/1000000000 -> 0.042 | T94: =2*C94*D94/1000000 -> 0.42 | U94: =0.006165*(F94^2*H94*(ROUND(C94/G94,0)+1)+I94^2*K94*(ROUND(C94/J94,0)+1))/1000 -> 5.1786 | V94: =0.006165*M94^2*O94*(ROUND(C94/N94,0)+1)/1000*L94 -> 2.466 | W94: =0.006165*P94^2*R94*(ROUND(D94/Q94,0)+1)/1000 -> 9.92565 | Y94: =T94/S94 -> 10 | Z94: =SUM(U94:W94)/S94 -> 418.33929 | AB94: =T94/2 -> 0.21
A95: =A94+1 -> 42 | B95: Penebalan Sloof | C95: 350 | D95: 500 | E95: 200 | F95: 10 | G95: 200 | H95: =(D95+(2*40)*F95)*2 -> 2600 | J95: 100 | L95: =ROUND(D95/100-2,0) -> 3 | M95: 10 | N95: 100 | O95: =E95 -> 200 | P95: 10 | Q95: 100 | R95: =(C95+(2*40+0*50)*P95)*2 -> 2300 | S95: =C95*D95*E95/1000000000 -> 0.035 | T95: =2*C95*D95/1000000 -> 0.35 | U95: =0.006165*(F95^2*H95*(ROUND(C95/G95,0)+1)+I95^2*K95*(ROUND(C95/J95,0)+1))/1000 -> 4.8087 | V95: =0.006165*M95^2*O95*(ROUND(C95/N95,0)+1)/1000*L95 -> 1.8495 | W95: =0.006165*P95^2*R95*(ROUND(D95/Q95,0)+1)/1000 -> 8.5077 | Y95: =T95/S95 -> 10 | Z95: =SUM(U95:W95)/S95 -> 433.31143 | AB95: =T95/2 -> 0.175
A96: =A95+1 -> 43 | B96: Penebalan Sloof | C96: 225 | D96: 600 | E96: 200 | F96: 10 | G96: 200 | H96: =(D96+(2*40)*F96)*2 -> 2800 | J96: 100 | L96: =ROUND(D96/100-2,0) -> 4 | M96: 10 | N96: 100 | O96: =E96 -> 200 | P96: 10 | Q96: 100 | R96: =(C96+(2*40+0*50)*P96)*2 -> 2050 | S96: =C96*D96*E96/1000000000 -> 0.027 | T96: =2*C96*D96/1000000 -> 0.27 | U96: =0.006165*(F96^2*H96*(ROUND(C96/G96,0)+1)+I96^2*K96*(ROUND(C96/J96,0)+1))/1000 -> 3.4524 | V96: =0.006165*M96^2*O96*(ROUND(C96/N96,0)+1)/1000*L96 -> 1.4796 | W96: =0.006165*P96^2*R96*(ROUND(D96/Q96,0)+1)/1000 -> 8.846775 | Y96: =T96/S96 -> 10 | Z96: =SUM(U96:W96)/S96 -> 510.325 | AB96: =T96/2 -> 0.135
A97: =A96+1 -> 44 | B97: Penebalan Sloof | C97: 195 | D97: 1100 | E97: 200 | F97: 10 | G97: 200 | H97: =(D97+(2*40)*F97)*2 -> 3800 | J97: 100 | L97: =ROUND(D97/100-2,0) -> 9 | M97: 10 | N97: 100 | O97: =E97 -> 200 | P97: 10 | Q97: 100 | R97: =(C97+(2*40+0*50)*P97)*2 -> 1990 | S97: =C97*D97*E97/1000000000 -> 0.0429 | T97: =2*C97*D97/1000000 -> 0.429 | U97: =0.006165*(F97^2*H97*(ROUND(C97/G97,0)+1)+I97^2*K97*(ROUND(C97/J97,0)+1))/1000 -> 4.6854 | V97: =0.006165*M97^2*O97*(ROUND(C97/N97,0)+1)/1000*L97 -> 3.3291 | W97: =0.006165*P97^2*R97*(ROUND(D97/Q97,0)+1)/1000 -> 14.72202 | Y97: =T97/S97 -> 10 | Z97: =SUM(U97:W97)/S97 -> 529.98881 | AB97: =T97/2 -> 0.2145
A98: =A97+1 -> 45 | B98: Penebalan Sloof | C98: 200 | D98: 1100 | E98: 200 | F98: 10 | G98: 200 | H98: =(D98+(2*40)*F98)*2 -> 3800 | J98: 100 | L98: =ROUND(D98/100-2,0) -> 9 | M98: 10 | N98: 100 | O98: =E98 -> 200 | P98: 10 | Q98: 100 | R98: =(C98+(2*40+0*50)*P98)*2 -> 2000 | S98: =C98*D98*E98/1000000000 -> 0.044 | T98: =2*C98*D98/1000000 -> 0.44 | U98: =0.006165*(F98^2*H98*(ROUND(C98/G98,0)+1)+I98^2*K98*(ROUND(C98/J98,0)+1))/1000 -> 4.6854 | V98: =0.006165*M98^2*O98*(ROUND(C98/N98,0)+1)/1000*L98 -> 3.3291 | W98: =0.006165*P98^2*R98*(ROUND(D98/Q98,0)+1)/1000 -> 14.796 | Y98: =T98/S98 -> 10 | Z98: =SUM(U98:W98)/S98 -> 518.42045 | AB98: =T98/2 -> 0.22
A99: =A98+1 -> 46 | B99: Penebalan Sloof | C99: 675 | D99: 600 | E99: 200 | F99: 10 | G99: 200 | H99: =(D99+(2*40)*F99)*2 -> 2800 | J99: 100 | L99: =ROUND(D99/100-2,0) -> 4 | M99: 10 | N99: 100 | O99: =E99 -> 200 | P99: 10 | Q99: 100 | R99: =(C99+(2*40+0*50)*P99)*2 -> 2950 | S99: =C99*D99*E99/1000000000 -> 0.081 | T99: =2*C99*D99/1000000 -> 0.81 | U99: =0.006165*(F99^2*H99*(ROUND(C99/G99,0)+1)+I99^2*K99*(ROUND(C99/J99,0)+1))/1000 -> 6.9048 | V99: =0.006165*M99^2*O99*(ROUND(C99/N99,0)+1)/1000*L99 -> 3.9456 | W99: =0.006165*P99^2*R99*(ROUND(D99/Q99,0)+1)/1000 -> 12.730725 | Y99: =T99/S99 -> 10 | Z99: =SUM(U99:W99)/S99 -> 291.125 | AB99: =T99/2 -> 0.405
A100: =A99+1 -> 47 | B100: Penebalan Sloof | C100: 500 | D100: 400 | E100: 300 | F100: 10 | G100: 200 | H100: =(D100+(2*40)*F100)*2 -> 2400 | J100: 100 | L100: =ROUND(D100/100-2,0) -> 2 | M100: 10 | N100: 100 | O100: =E100 -> 300 | P100: 10 | Q100: 100 | R100: =(C100+(2*40+0*50)*P100)*2 -> 2600 | S100: =C100*D100*E100/1000000000 -> 0.06 | T100: =2*C100*D100/1000000 -> 0.4 | U100: =0.006165*(F100^2*H100*(ROUND(C100/G100,0)+1)+I100^2*K100*(ROUND(C100/J100,0)+1))/1000 -> 5.9184 | V100: =0.006165*M100^2*O100*(ROUND(C100/N100,0)+1)/1000*L100 -> 2.2194 | W100: =0.006165*P100^2*R100*(ROUND(D100/Q100,0)+1)/1000 -> 8.0145 | Y100: =T100/S100 -> 6.6666667 | Z100: =SUM(U100:W100)/S100 -> 269.205 | AB100: =T100/2 -> 0.2
A101: =A100+1 -> 48 | B101: Penebalan Sloof | C101: 675 | D101: 400 | E101: 300 | F101: 10 | G101: 200 | H101: =(D101+(2*40)*F101)*2 -> 2400 | J101: 100 | L101: =ROUND(D101/100-2,0) -> 2 | M101: 10 | N101: 100 | O101: =E101 -> 300 | P101: 10 | Q101: 100 | R101: =(C101+(2*40+0*50)*P101)*2 -> 2950 | S101: =C101*D101*E101/1000000000 -> 0.081 | T101: =2*C101*D101/1000000 -> 0.54 | U101: =0.006165*(F101^2*H101*(ROUND(C101/G101,0)+1)+I101^2*K101*(ROUND(C101/J101,0)+1))/1000 -> 5.9184 | V101: =0.006165*M101^2*O101*(ROUND(C101/N101,0)+1)/1000*L101 -> 2.9592 | W101: =0.006165*P101^2*R101*(ROUND(D101/Q101,0)+1)/1000 -> 9.093375 | Y101: =T101/S101 -> 6.6666667 | Z101: =SUM(U101:W101)/S101 -> 221.86389 | AB101: =T101/2 -> 0.27
A102: =A101+1 -> 49 | B102: Penebalan Sloof | C102: 500 | D102: 500 | E102: 200 | F102: 10 | G102: 200 | H102: =(D102+(2*40)*F102)*2 -> 2600 | J102: 100 | L102: =ROUND(D102/100-2,0) -> 3 | M102: 10 | N102: 100 | O102: =E102 -> 200 | P102: 10 | Q102: 100 | R102: =(C102+(2*40+0*50)*P102)*2 -> 2600 | S102: =C102*D102*E102/1000000000 -> 0.05 | T102: =2*C102*D102/1000000 -> 0.5 | U102: =0.006165*(F102^2*H102*(ROUND(C102/G102,0)+1)+I102^2*K102*(ROUND(C102/J102,0)+1))/1000 -> 6.4116 | V102: =0.006165*M102^2*O102*(ROUND(C102/N102,0)+1)/1000*L102 -> 2.2194 | W102: =0.006165*P102^2*R102*(ROUND(D102/Q102,0)+1)/1000 -> 9.6174 | Y102: =T102/S102 -> 10 | Z102: =SUM(U102:W102)/S102 -> 364.968 | AB102: =T102/2 -> 0.25
A103: =A102+1 -> 50 | B103: Penebalan Sloof | C103: 580 | D103: 500 | E103: 200 | F103: 10 | G103: 200 | H103: =(D103+(2*40)*F103)*2 -> 2600 | J103: 100 | L103: =ROUND(D103/100-2,0) -> 3 | M103: 10 | N103: 100 | O103: =E103 -> 200 | P103: 10 | Q103: 100 | R103: =(C103+(2*40+0*50)*P103)*2 -> 2760 | S103: =C103*D103*E103/1000000000 -> 0.058 | T103: =2*C103*D103/1000000 -> 0.58 | U103: =0.006165*(F103^2*H103*(ROUND(C103/G103,0)+1)+I103^2*K103*(ROUND(C103/J103,0)+1))/1000 -> 6.4116 | V103: =0.006165*M103^2*O103*(ROUND(C103/N103,0)+1)/1000*L103 -> 2.5893 | W103: =0.006165*P103^2*R103*(ROUND(D103/Q103,0)+1)/1000 -> 10.20924 | Y103: =T103/S103 -> 10 | Z103: =SUM(U103:W103)/S103 -> 331.20931 | AB103: =T103/2 -> 0.29
A104: =A103+1 -> 51 | B104: Penebalan Sloof | C104: 350 | D104: 400 | E104: 300 | F104: 10 | G104: 200 | H104: =(D104+(2*40)*F104)*2 -> 2400 | J104: 100 | L104: =ROUND(D104/100-2,0) -> 2 | M104: 10 | N104: 100 | O104: =E104 -> 300 | P104: 10 | Q104: 100 | R104: =(C104+(2*40+0*50)*P104)*2 -> 2300 | S104: =C104*D104*E104/1000000000 -> 0.042 | T104: =2*C104*D104/1000000 -> 0.28 | U104: =0.006165*(F104^2*H104*(ROUND(C104/G104,0)+1)+I104^2*K104*(ROUND(C104/J104,0)+1))/1000 -> 4.4388 | V104: =0.006165*M104^2*O104*(ROUND(C104/N104,0)+1)/1000*L104 -> 1.8495 | W104: =0.006165*P104^2*R104*(ROUND(D104/Q104,0)+1)/1000 -> 7.08975 | Y104: =T104/S104 -> 6.6666667 | Z104: =SUM(U104:W104)/S104 -> 318.525 | AB104: =T104/2 -> 0.14
...

Sheet Pas. Dinding
A1: Asumsi | C1: KP | D1: 130 | E1: x | F1: 130
C2: BP | D2: 130 | E2: x | F2: 130
C3: BL | D3: 130 | E3: x | F3: 130
A5: Lantai 1 | C5: Panjang | D5: Tinggi | E5: Luas Pengurang | Q5: Luas Bruto - Kusen | R5: Luas Bruto - Kusen dan Balok | S5: Luas Dinding 1/2 Bata | T5: Luas Dinding 3/4 Bata | U5: Luas Dinding 1 Bata | V5: Luas Dinding 1 1/4 Bata | W5: Luas Dinding 1 1/2 Bata | X5: Luas Dinding 1 3/4 Bata | Y5: Luas Dinding 1/4 Bata | Z5: Plester & Aci | AA5: Benangan
E6: Kolom Struktur | F6: Kolom Praktis | H6: Balok Struktur | K6: Balok Latei | M6: Balok Praktis | O6: Luas Kusen | P6: Tipe Kusen | AC6: Benangan Opening | AD6: Luas Plesteran Opening
A7: Nomor | B7: Tebal (mm) | E7: m2 | F7: m' | G7: Luas KP | H7: panjang | I7: tinggi | J7: Luas Balok | K7: m' | L7: Luas BL | M7: m' | N7: Luas BP | O7: m2 | Q7: m2 | R7: m2 | S7: m2 | T7: m2 | U7: m2 | V7: m2 | W7: m2 | X7: m2 | Y7: m2 | Z7: m2 | AA7: m'
A8: 1 | B8: 150 | C8: 3775 | D8: 4500 | Q8: =C8*D8/1000000-O8 -> 16.9875 | S8: =IF($B8=150,Q8-SUM(E8,G8,J8,L8,N8),0) -> 16.9875 | T8: =IF($B8=200,Q8-SUM(E8,G8,J8,L8,N8),0) -> 0 | U8: =IF($B8=250,Q8-SUM(E8,G8,J8,L8,N8),0) -> 0 | V8: =IF($B8=300,Q8-SUM(E8,G8,J8,L8,N8),0) -> 0 | W8: =IF($B8=350,Q8-SUM(E8,G8,J8,L8,N8),0) -> 0 | X8: =IF($B8=400,Q8-SUM(E8,G8,J8,L8,N8),0) -> 0 | Y8: =IF($B8=100,Q8-SUM(E8,G8,J8,L8,N8),0) -> 0 | Z8: =SUM(S8:Y8)*2 -> 33.975 | AD8: =AC8*(IF(S8>0,150,IF(T8>0,200,IF(U8>0,250,IF(V8>0,300,IF(W8>0,350,IF(X8>0,400,IF(Y8>0,450))))))))/1000 -> 0
A9: 2 | B9: 150 | C9: 5275 | D9: 4500 | O9: =(0.98*3) -> 2.94 | P9: P | Q9: =C9*D9/1000000-O9 -> 20.7975 | S9: =IF($B9=150,Q9-SUM(E9,G9,J9,L9,N9),0) -> 20.7975 | T9: =IF($B9=200,Q9-SUM(E9,G9,J9,L9,N9),0) -> 0 | U9: =IF($B9=250,Q9-SUM(E9,G9,J9,L9,N9),0) -> 0 | V9: =IF($B9=300,Q9-SUM(E9,G9,J9,L9,N9),0) -> 0 | W9: =IF($B9=350,Q9-SUM(E9,G9,J9,L9,N9),0) -> 0 | X9: =IF($B9=400,Q9-SUM(E9,G9,J9,L9,N9),0) -> 0 | Y9: =IF($B9=100,Q9-SUM(E9,G9,J9,L9,N9),0) -> 0 | Z9: =SUM(S9:Y9)*2 -> 41.595 | AB9: P | AC9: =(0.98+2*2.4) -> 5.78 | AD9: =AC9*(IF(S9>0,150,IF(T9>0,200,IF(U9>0,250,IF(V9>0,300,IF(W9>0,350,IF(X9>0,400,IF(Y9>0,450))))))))/1000 -> 0.867
A10: 3 | B10: 200 | C10: 5275 | D10: 4500 | O10: =(2.945*3) -> 8.835 | P10: PG | Q10: =C10*D10/1000000-O10 -> 14.9025 | S10: =IF($B10=150,Q10-SUM(E10,G10,J10,L10,N10),0) -> 0 | T10: =IF($B10=200,Q10-SUM(E10,G10,J10,L10,N10),0) -> 14.9025 | U10: =IF($B10=250,Q10-SUM(E10,G10,J10,L10,N10),0) -> 0 | V10: =IF($B10=300,Q10-SUM(E10,G10,J10,L10,N10),0) -> 0 | W10: =IF($B10=350,Q10-SUM(E10,G10,J10,L10,N10),0) -> 0 | X10: =IF($B10=400,Q10-SUM(E10,G10,J10,L10,N10),0) -> 0 | Y10: =IF($B10=100,Q10-SUM(E10,G10,J10,L10,N10),0) -> 0 | Z10: =SUM(S10:Y10)*2 -> 29.805 | AB10: PG | AC10: =(2.945+2*2.4) -> 7.745 | AD10: =AC10*(IF(S10>0,150,IF(T10>0,200,IF(U10>0,250,IF(V10>0,300,IF(W10>0,350,IF(X10>0,400,IF(Y10>0,450))))))))/1000 -> 1.549
A11: 4 | B11: 150 | C11: 4775 | D11: 4500 | O11: =(0.98*3)+(0.98*3)+(0.7*1.2) -> 6.72 | P11: P,PJ | Q11: =C11*D11/1000000-O11 -> 14.7675 | S11: =IF($B11=150,Q11-SUM(E11,G11,J11,L11,N11),0) -> 14.7675 | T11: =IF($B11=200,Q11-SUM(E11,G11,J11,L11,N11),0) -> 0 | U11: =IF($B11=250,Q11-SUM(E11,G11,J11,L11,N11),0) -> 0 | V11: =IF($B11=300,Q11-SUM(E11,G11,J11,L11,N11),0) -> 0 | W11: =IF($B11=350,Q11-SUM(E11,G11,J11,L11,N11),0) -> 0 | X11: =IF($B11=400,Q11-SUM(E11,G11,J11,L11,N11),0) -> 0 | Y11: =IF($B11=100,Q11-SUM(E11,G11,J11,L11,N11),0) -> 0 | Z11: =SUM(S11:Y11)*2 -> 29.535 | AB11: P,PJ | AC11: =(0.98+2*2.4)+(0.98+2*2.4)+(0.7+2*1.2) -> 14.66 | AD11: =AC11*(IF(S11>0,150,IF(T11>0,200,IF(U11>0,250,IF(V11>0,300,IF(W11>0,350,IF(X11>0,400,IF(Y11>0,450))))))))/1000 -> 2.199
A12: 5 | B12: 200 | C12: 10850 | D12: 4500 | O12: =(3.25*3)+(4.4*3) -> 22.95 | P12: O,PG | Q12: =C12*D12/1000000-O12 -> 25.875 | S12: =IF($B12=150,Q12-SUM(E12,G12,J12,L12,N12),0) -> 0 | T12: =IF($B12=200,Q12-SUM(E12,G12,J12,L12,N12),0) -> 25.875 | U12: =IF($B12=250,Q12-SUM(E12,G12,J12,L12,N12),0) -> 0 | V12: =IF($B12=300,Q12-SUM(E12,G12,J12,L12,N12),0) -> 0 | W12: =IF($B12=350,Q12-SUM(E12,G12,J12,L12,N12),0) -> 0 | X12: =IF($B12=400,Q12-SUM(E12,G12,J12,L12,N12),0) -> 0 | Y12: =IF($B12=100,Q12-SUM(E12,G12,J12,L12,N12),0) -> 0 | Z12: =SUM(S12:Y12)*2 -> 51.75 | AB12: O,PG | AC12: =(3.25+2*3)+(4.4+2*2.4) -> 18.45 | AD12: =AC12*(IF(S12>0,150,IF(T12>0,200,IF(U12>0,250,IF(V12>0,300,IF(W12>0,350,IF(X12>0,400,IF(Y12>0,450))))))))/1000 -> 3.69
A13: 6 | B13: 200 | C13: 9750 | D13: 4500 | Q13: =C13*D13/1000000-O13 -> 43.875 | S13: =IF($B13=150,Q13-SUM(E13,G13,J13,L13,N13),0) -> 0 | T13: =IF($B13=200,Q13-SUM(E13,G13,J13,L13,N13),0) -> 43.875 | U13: =IF($B13=250,Q13-SUM(E13,G13,J13,L13,N13),0) -> 0 | V13: =IF($B13=300,Q13-SUM(E13,G13,J13,L13,N13),0) -> 0 | W13: =IF($B13=350,Q13-SUM(E13,G13,J13,L13,N13),0) -> 0 | X13: =IF($B13=400,Q13-SUM(E13,G13,J13,L13,N13),0) -> 0 | Y13: =IF($B13=100,Q13-SUM(E13,G13,J13,L13,N13),0) -> 0 | Z13: =SUM(S13:Y13)*2 -> 87.75 | AD13: =AC13*(IF(S13>0,150,IF(T13>0,200,IF(U13>0,250,IF(V13>0,300,IF(W13>0,350,IF(X13>0,400,IF(Y13>0,450))))))))/1000 -> 0
A14: 7 | B14: 200 | C14: 150 | D14: 4500 | Q14: =C14*D14/1000000-O14 -> 0.675 | S14: =IF($B14=150,Q14-SUM(E14,G14,J14,L14,N14),0) -> 0 | T14: =IF($B14=200,Q14-SUM(E14,G14,J14,L14,N14),0) -> 0.675 | U14: =IF($B14=250,Q14-SUM(E14,G14,J14,L14,N14),0) -> 0 | V14: =IF($B14=300,Q14-SUM(E14,G14,J14,L14,N14),0) -> 0 | W14: =IF($B14=350,Q14-SUM(E14,G14,J14,L14,N14),0) -> 0 | X14: =IF($B14=400,Q14-SUM(E14,G14,J14,L14,N14),0) -> 0 | Y14: =IF($B14=100,Q14-SUM(E14,G14,J14,L14,N14),0) -> 0 | Z14: =SUM(S14:Y14)*2 -> 1.35 | AD14: =AC14*(IF(S14>0,150,IF(T14>0,200,IF(U14>0,250,IF(V14>0,300,IF(W14>0,350,IF(X14>0,400,IF(Y14>0,450))))))))/1000 -> 0
A15: 8 | B15: 200 | C15: 150 | D15: 4500 | Q15: =C15*D15/1000000-O15 -> 0.675 | S15: =IF($B15=150,Q15-SUM(E15,G15,J15,L15,N15),0) -> 0 | T15: =IF($B15=200,Q15-SUM(E15,G15,J15,L15,N15),0) -> 0.675 | U15: =IF($B15=250,Q15-SUM(E15,G15,J15,L15,N15),0) -> 0 | V15: =IF($B15=300,Q15-SUM(E15,G15,J15,L15,N15),0) -> 0 | W15: =IF($B15=350,Q15-SUM(E15,G15,J15,L15,N15),0) -> 0 | X15: =IF($B15=400,Q15-SUM(E15,G15,J15,L15,N15),0) -> 0 | Y15: =IF($B15=100,Q15-SUM(E15,G15,J15,L15,N15),0) -> 0 | Z15: =SUM(S15:Y15)*2 -> 1.35 | AD15: =AC15*(IF(S15>0,150,IF(T15>0,200,IF(U15>0,250,IF(V15>0,300,IF(W15>0,350,IF(X15>0,400,IF(Y15>0,450))))))))/1000 -> 0
A16: 9 | B16: 200 | C16: 10650 | D16: 4500 | O16: =(2.2*4.5)+2*(0.9*2.5) -> 14.4 | P16: PG | Q16: =C16*D16/1000000-O16 -> 33.525 | S16: =IF($B16=150,Q16-SUM(E16,G16,J16,L16,N16),0) -> 0 | T16: =IF($B16=200,Q16-SUM(E16,G16,J16,L16,N16),0) -> 33.525 | U16: =IF($B16=250,Q16-SUM(E16,G16,J16,L16,N16),0) -> 0 | V16: =IF($B16=300,Q16-SUM(E16,G16,J16,L16,N16),0) -> 0 | W16: =IF($B16=350,Q16-SUM(E16,G16,J16,L16,N16),0) -> 0 | X16: =IF($B16=400,Q16-SUM(E16,G16,J16,L16,N16),0) -> 0 | Y16: =IF($B16=100,Q16-SUM(E16,G16,J16,L16,N16),0) -> 0 | Z16: =SUM(S16:Y16)*2 -> 67.05 | AB16: PG | AC16: =(2.2+2*2.4)+2*2*(0.9+1.2) -> 15.4 | AD16: =AC16*(IF(S16>0,150,IF(T16>0,200,IF(U16>0,250,IF(V16>0,300,IF(W16>0,350,IF(X16>0,400,IF(Y16>0,450))))))))/1000 -> 3.08
A17: 10 | B17: 150 | C17: 1300 | D17: 4500 | O17: =(0.65*3) -> 1.95 | P17: J | Q17: =C17*D17/1000000-O17 -> 3.9 | S17: =IF($B17=150,Q17-SUM(E17,G17,J17,L17,N17),0) -> 3.9 | T17: =IF($B17=200,Q17-SUM(E17,G17,J17,L17,N17),0) -> 0 | U17: =IF($B17=250,Q17-SUM(E17,G17,J17,L17,N17),0) -> 0 | V17: =IF($B17=300,Q17-SUM(E17,G17,J17,L17,N17),0) -> 0 | W17: =IF($B17=350,Q17-SUM(E17,G17,J17,L17,N17),0) -> 0 | X17: =IF($B17=400,Q17-SUM(E17,G17,J17,L17,N17),0) -> 0 | Y17: =IF($B17=100,Q17-SUM(E17,G17,J17,L17,N17),0) -> 0 | Z17: =SUM(S17:Y17)*2 -> 7.8 | AB17: J | AC17: =2*(0.65+1.2) -> 3.7 | AD17: =AC17*(IF(S17>0,150,IF(T17>0,200,IF(U17>0,250,IF(V17>0,300,IF(W17>0,350,IF(X17>0,400,IF(Y17>0,450))))))))/1000 -> 0.555
A18: 11 | B18: 400 | C18: 3925 | D18: 5500 | O18: =(3.375*3) -> 10.125 | P18: O | Q18: =C18*D18/1000000-O18 -> 11.4625 | S18: =IF($B18=150,Q18-SUM(E18,G18,J18,L18,N18),0) -> 0 | T18: =IF($B18=200,Q18-SUM(E18,G18,J18,L18,N18),0) -> 0 | U18: =IF($B18=250,Q18-SUM(E18,G18,J18,L18,N18),0) -> 0 | V18: =IF($B18=300,Q18-SUM(E18,G18,J18,L18,N18),0) -> 0 | W18: =IF($B18=350,Q18-SUM(E18,G18,J18,L18,N18),0) -> 0 | X18: =IF($B18=400,Q18-SUM(E18,G18,J18,L18,N18),0) -> 11.4625 | Y18: =IF($B18=100,Q18-SUM(E18,G18,J18,L18,N18),0) -> 0 | Z18: =SUM(S18:Y18)*2 -> 22.925 | AB18: O | AC18: =(3.375+2*3) -> 9.375 | AD18: =AC18*(IF(S18>0,150,IF(T18>0,200,IF(U18>0,250,IF(V18>0,300,IF(W18>0,350,IF(X18>0,400,IF(Y18>0,450))))))))/1000 -> 3.75
A19: 12 | B19: 150 | C19: 1525 | D19: 4500 | Q19: =C19*D19/1000000-O19 -> 6.8625 | S19: =IF($B19=150,Q19-SUM(E19,G19,J19,L19,N19),0) -> 6.8625 | T19: =IF($B19=200,Q19-SUM(E19,G19,J19,L19,N19),0) -> 0 | U19: =IF($B19=250,Q19-SUM(E19,G19,J19,L19,N19),0) -> 0 | V19: =IF($B19=300,Q19-SUM(E19,G19,J19,L19,N19),0) -> 0 | W19: =IF($B19=350,Q19-SUM(E19,G19,J19,L19,N19),0) -> 0 | X19: =IF($B19=400,Q19-SUM(E19,G19,J19,L19,N19),0) -> 0 | Y19: =IF($B19=100,Q19-SUM(E19,G19,J19,L19,N19),0) -> 0 | Z19: =SUM(S19:Y19)*2 -> 13.725 | AD19: =AC19*(IF(S19>0,150,IF(T19>0,200,IF(U19>0,250,IF(V19>0,300,IF(W19>0,350,IF(X19>0,400,IF(Y19>0,450))))))))/1000 -> 0
A20: 13 | B20: 200 | C20: 4700 | D20: 4500 | Q20: =C20*D20/1000000-O20 -> 21.15 | S20: =IF($B20=150,Q20-SUM(E20,G20,J20,L20,N20),0) -> 0 | T20: =IF($B20=200,Q20-SUM(E20,G20,J20,L20,N20),0) -> 21.15 | U20: =IF($B20=250,Q20-SUM(E20,G20,J20,L20,N20),0) -> 0 | V20: =IF($B20=300,Q20-SUM(E20,G20,J20,L20,N20),0) -> 0 | W20: =IF($B20=350,Q20-SUM(E20,G20,J20,L20,N20),0) -> 0 | X20: =IF($B20=400,Q20-SUM(E20,G20,J20,L20,N20),0) -> 0 | Y20: =IF($B20=100,Q20-SUM(E20,G20,J20,L20,N20),0) -> 0 | Z20: =SUM(S20:Y20)*2 -> 42.3 | AD20: =AC20*(IF(S20>0,150,IF(T20>0,200,IF(U20>0,250,IF(V20>0,300,IF(W20>0,350,IF(X20>0,400,IF(Y20>0,450))))))))/1000 -> 0
A21: 14 | B21: 150 | C21: 5850 | D21: 4500 | O21: =2*(1.075*3) -> 6.45 | P21: 2O | Q21: =C21*D21/1000000-O21 -> 19.875 | S21: =IF($B21=150,Q21-SUM(E21,G21,J21,L21,N21),0) -> 19.875 | T21: =IF($B21=200,Q21-SUM(E21,G21,J21,L21,N21),0) -> 0 | U21: =IF($B21=250,Q21-SUM(E21,G21,J21,L21,N21),0) -> 0 | V21: =IF($B21=300,Q21-SUM(E21,G21,J21,L21,N21),0) -> 0 | W21: =IF($B21=350,Q21-SUM(E21,G21,J21,L21,N21),0) -> 0 | X21: =IF($B21=400,Q21-SUM(E21,G21,J21,L21,N21),0) -> 0 | Y21: =IF($B21=100,Q21-SUM(E21,G21,J21,L21,N21),0) -> 0 | Z21: =SUM(S21:Y21)*2 -> 39.75 | AB21: 2O | AC21: =2*(1.075+2*3) -> 14.15 | AD21: =AC21*(IF(S21>0,150,IF(T21>0,200,IF(U21>0,250,IF(V21>0,300,IF(W21>0,350,IF(X21>0,400,IF(Y21>0,450))))))))/1000 -> 2.1225
A22: 15 | B22: 150 | C22: 4850 | D22: 5500 | O22: =(0.8*1.2) -> 0.96 | P22: J | Q22: =C22*D22/1000000-O22 -> 25.715 | S22: =IF($B22=150,Q22-SUM(E22,G22,J22,L22,N22),0) -> 25.715 | T22: =IF($B22=200,Q22-SUM(E22,G22,J22,L22,N22),0) -> 0 | U22: =IF($B22=250,Q22-SUM(E22,G22,J22,L22,N22),0) -> 0 | V22: =IF($B22=300,Q22-SUM(E22,G22,J22,L22,N22),0) -> 0 | W22: =IF($B22=350,Q22-SUM(E22,G22,J22,L22,N22),0) -> 0 | X22: =IF($B22=400,Q22-SUM(E22,G22,J22,L22,N22),0) -> 0 | Y22: =IF($B22=100,Q22-SUM(E22,G22,J22,L22,N22),0) -> 0 | Z22: =SUM(S22:Y22)*2 -> 51.43 | AB22: J | AC22: =2*(0.8+1.2) -> 4 | AD22: =AC22*(IF(S22>0,150,IF(T22>0,200,IF(U22>0,250,IF(V22>0,300,IF(W22>0,350,IF(X22>0,400,IF(Y22>0,450))))))))/1000 -> 0.6
A23: 16 | C23: 500 | D23: 4500 | Q23: =C23*D23/1000000-O23 -> 2.25 | S23: =IF($B23=150,Q23-SUM(E23,G23,J23,L23,N23),0) -> 0 | T23: =IF($B23=200,Q23-SUM(E23,G23,J23,L23,N23),0) -> 0 | U23: =IF($B23=250,Q23-SUM(E23,G23,J23,L23,N23),0) -> 0 | V23: =IF($B23=300,Q23-SUM(E23,G23,J23,L23,N23),0) -> 0 | W23: =IF($B23=350,Q23-SUM(E23,G23,J23,L23,N23),0) -> 0 | X23: =IF($B23=400,Q23-SUM(E23,G23,J23,L23,N23),0) -> 0 | Y23: =IF($B23=100,Q23-SUM(E23,G23,J23,L23,N23),0) -> 0 | Z23: =SUM(S23:Y23)*2 -> 0 | AD23: =AC23*(IF(S23>0,150,IF(T23>0,200,IF(U23>0,250,IF(V23>0,300,IF(W23>0,350,IF(X23>0,400,IF(Y23>0,450))))))))/1000 -> 0
A24: 17 | C24: 4250 | D24: 4500 | Q24: =C24*D24/1000000-O24 -> 19.125 | S24: =IF($B24=150,Q24-SUM(E24,G24,J24,L24,N24),0) -> 0 | T24: =IF($B24=200,Q24-SUM(E24,G24,J24,L24,N24),0) -> 0 | U24: =IF($B24=250,Q24-SUM(E24,G24,J24,L24,N24),0) -> 0 | V24: =IF($B24=300,Q24-SUM(E24,G24,J24,L24,N24),0) -> 0 | W24: =IF($B24=350,Q24-SUM(E24,G24,J24,L24,N24),0) -> 0 | X24: =IF($B24=400,Q24-SUM(E24,G24,J24,L24,N24),0) -> 0 | Y24: =IF($B24=100,Q24-SUM(E24,G24,J24,L24,N24),0) -> 0 | Z24: =SUM(S24:Y24)*2 -> 0 | AD24: =AC24*(IF(S24>0,150,IF(T24>0,200,IF(U24>0,250,IF(V24>0,300,IF(W24>0,350,IF(X24>0,400,IF(Y24>0,450))))))))/1000 -> 0
A25: 18 | B25: 150 | C25: 5850 | D25: 4500 | O25: =(2.28*3) -> 6.84 | P25: P | Q25: =C25*D25/1000000-O25 -> 19.485 | S25: =IF($B25=150,Q25-SUM(E25,G25,J25,L25,N25),0) -> 19.485 | T25: =IF($B25=200,Q25-SUM(E25,G25,J25,L25,N25),0) -> 0 | U25: =IF($B25=250,Q25-SUM(E25,G25,J25,L25,N25),0) -> 0 | V25: =IF($B25=300,Q25-SUM(E25,G25,J25,L25,N25),0) -> 0 | W25: =IF($B25=350,Q25-SUM(E25,G25,J25,L25,N25),0) -> 0 | X25: =IF($B25=400,Q25-SUM(E25,G25,J25,L25,N25),0) -> 0 | Y25: =IF($B25=100,Q25-SUM(E25,G25,J25,L25,N25),0) -> 0 | Z25: =SUM(S25:Y25)*2 -> 38.97 | AB25: P | AC25: =(2.28+2*2.4) -> 7.08 | AD25: =AC25*(IF(S25>0,150,IF(T25>0,200,IF(U25>0,250,IF(V25>0,300,IF(W25>0,350,IF(X25>0,400,IF(Y25>0,450))))))))/1000 -> 1.062
A26: 19 | B26: 100 | C26: 20000 | D26: 4500 | Q26: =C26*D26/1000000-O26 -> 90 | S26: =IF($B26=150,Q26-SUM(E26,G26,J26,L26,N26),0) -> 0 | T26: =IF($B26=200,Q26-SUM(E26,G26,J26,L26,N26),0) -> 0 | U26: =IF($B26=250,Q26-SUM(E26,G26,J26,L26,N26),0) -> 0 | V26: =IF($B26=300,Q26-SUM(E26,G26,J26,L26,N26),0) -> 0 | W26: =IF($B26=350,Q26-SUM(E26,G26,J26,L26,N26),0) -> 0 | X26: =IF($B26=400,Q26-SUM(E26,G26,J26,L26,N26),0) -> 0 | Y26: =IF($B26=100,Q26-SUM(E26,G26,J26,L26,N26),0) -> 90 | Z26: =SUM(S26:Y26)*2 -> 180 | AD26: =AC26*(IF(S26>0,150,IF(T26>0,200,IF(U26>0,250,IF(V26>0,300,IF(W26>0,350,IF(X26>0,400,IF(Y26>0,450))))))))/1000 -> 0
A27: 20 | B27: 100 | C27: 21795 | D27: 4500 | Q27: =C27*D27/1000000-O27 -> 98.0775 | S27: =IF($B27=150,Q27-SUM(E27,G27,J27,L27,N27),0) -> 0 | T27: =IF($B27=200,Q27-SUM(E27,G27,J27,L27,N27),0) -> 0 | U27: =IF($B27=250,Q27-SUM(E27,G27,J27,L27,N27),0) -> 0 | V27: =IF($B27=300,Q27-SUM(E27,G27,J27,L27,N27),0) -> 0 | W27: =IF($B27=350,Q27-SUM(E27,G27,J27,L27,N27),0) -> 0 | X27: =IF($B27=400,Q27-SUM(E27,G27,J27,L27,N27),0) -> 0 | Y27: =IF($B27=100,Q27-SUM(E27,G27,J27,L27,N27),0) -> 98.0775 | Z27: =SUM(S27:Y27) -> 98.0775 | AD27: =AC27*(IF(S27>0,150,IF(T27>0,200,IF(U27>0,250,IF(V27>0,300,IF(W27>0,350,IF(X27>0,400,IF(Y27>0,450))))))))/1000 -> 0
A28: 21 | B28: 200 | C28: 34285 | D28: 4500 | Q28: =C28*D28/1000000-O28 -> 154.2825 | S28: =IF($B28=150,Q28-SUM(E28,G28,J28,L28,N28),0) -> 0 | T28: =IF($B28=200,Q28-SUM(E28,G28,J28,L28,N28),0) -> 154.2825 | U28: =IF($B28=250,Q28-SUM(E28,G28,J28,L28,N28),0) -> 0 | V28: =IF($B28=300,Q28-SUM(E28,G28,J28,L28,N28),0) -> 0 | W28: =IF($B28=350,Q28-SUM(E28,G28,J28,L28,N28),0) -> 0 | X28: =IF($B28=400,Q28-SUM(E28,G28,J28,L28,N28),0) -> 0 | Y28: =IF($B28=100,Q28-SUM(E28,G28,J28,L28,N28),0) -> 0 | Z28: =SUM(S28:Y28)*2 -> 308.565 | AD28: =AC28*(IF(S28>0,150,IF(T28>0,200,IF(U28>0,250,IF(V28>0,300,IF(W28>0,350,IF(X28>0,400,IF(Y28>0,450))))))))/1000 -> 0
A29: 22 | C29: 18590 | D29: 4500 | Q29: =C29*D29/1000000-O29 -> 83.655 | S29: =IF($B29=150,Q29-SUM(E29,G29,J29,L29,N29),0) -> 0 | T29: =IF($B29=200,Q29-SUM(E29,G29,J29,L29,N29),0) -> 0 | U29: =IF($B29=250,Q29-SUM(E29,G29,J29,L29,N29),0) -> 0 | V29: =IF($B29=300,Q29-SUM(E29,G29,J29,L29,N29),0) -> 0 | W29: =IF($B29=350,Q29-SUM(E29,G29,J29,L29,N29),0) -> 0 | X29: =IF($B29=400,Q29-SUM(E29,G29,J29,L29,N29),0) -> 0 | Y29: =IF($B29=100,Q29-SUM(E29,G29,J29,L29,N29),0) -> 0 | Z29: =SUM(S29:Y29)*2 -> 0 | AD29: =AC29*(IF(S29>0,150,IF(T29>0,200,IF(U29>0,250,IF(V29>0,300,IF(W29>0,350,IF(X29>0,400,IF(Y29>0,450))))))))/1000 -> 0
Y30: =IF($B30=100,Q30-SUM(E30,G30,J30,L30,N30),0) -> 0
A31: 30 | C31: =8800-8*500 -> 4800 | D31: 6000 | Q31: =C31*D31/1000000-O31 -> 28.8 | S31: =IF($B31=150,Q31-SUM(E31,G31,J31,L31,N31),0) -> 0 | T31: =IF($B31=200,Q31-SUM(E31,G31,J31,L31,N31),0) -> 0 | U31: =IF($B31=250,Q31-SUM(E31,G31,J31,L31,N31),0) -> 0 | V31: =IF($B31=300,Q31-SUM(E31,G31,J31,L31,N31),0) -> 0 | W31: =IF($B31=350,Q31-SUM(E31,G31,J31,L31,N31),0) -> 0 | X31: =IF($B31=400,Q31-SUM(E31,G31,J31,L31,N31),0) -> 0 | Y31: =IF($B31=100,Q31-SUM(E31,G31,J31,L31,N31),0) -> 0 | Z31: =SUM(S31:Y31)*2 -> 0 | AD31: =AC31*(IF(S31>0,150,IF(T31>0,200,IF(U31>0,250,IF(V31>0,300,IF(W31>0,350,IF(X31>0,400,IF(Y31>0,450))))))))/1000 -> 0
A32: 31 | B32: 150 | C32: 3380 | D32: 6000 | Q32: =C32*D32/1000000-O32 -> 20.28 | S32: =IF($B32=150,Q32-SUM(E32,G32,J32,L32,N32),0) -> 20.28 | T32: =IF($B32=200,Q32-SUM(E32,G32,J32,L32,N32),0) -> 0 | U32: =IF($B32=250,Q32-SUM(E32,G32,J32,L32,N32),0) -> 0 | V32: =IF($B32=300,Q32-SUM(E32,G32,J32,L32,N32),0) -> 0 | W32: =IF($B32=350,Q32-SUM(E32,G32,J32,L32,N32),0) -> 0 | X32: =IF($B32=400,Q32-SUM(E32,G32,J32,L32,N32),0) -> 0 | Y32: =IF($B32=100,Q32-SUM(E32,G32,J32,L32,N32),0) -> 0 | Z32: =SUM(S32:Y32)*2 -> 40.56 | AD32: =AC32*(IF(S32>0,150,IF(T32>0,200,IF(U32>0,250,IF(V32>0,300,IF(W32>0,350,IF(X32>0,400,IF(Y32>0,450))))))))/1000 -> 0
Q33: =C33*D33/1000000-O33 -> 0 | S33: =IF($B33=150,Q33-SUM(E33,G33,J33,L33,N33),0) -> 0 | T33: =IF($B33=200,Q33-SUM(E33,G33,J33,L33,N33),0) -> 0 | U33: =IF($B33=250,Q33-SUM(E33,G33,J33,L33,N33),0) -> 0 | V33: =IF($B33=300,Q33-SUM(E33,G33,J33,L33,N33),0) -> 0 | W33: =IF($B33=350,Q33-SUM(E33,G33,J33,L33,N33),0) -> 0 | X33: =IF($B33=400,Q33-SUM(E33,G33,J33,L33,N33),0) -> 0 | Y33: =IF($B33=100,Q33-SUM(E33,G33,J33,L33,N33),0) -> 0 | Z33: =SUM(S33:Y33)*2 -> 0
Q34: =C34*D34/1000000-O34 -> 0 | S34: =IF($B34=150,Q34-SUM(E34,G34,J34,L34,N34),0) -> 0 | T34: =IF($B34=200,Q34-SUM(E34,G34,J34,L34,N34),0) -> 0 | U34: =IF($B34=250,Q34-SUM(E34,G34,J34,L34,N34),0) -> 0 | V34: =IF($B34=300,Q34-SUM(E34,G34,J34,L34,N34),0) -> 0 | W34: =IF($B34=350,Q34-SUM(E34,G34,J34,L34,N34),0) -> 0 | X34: =IF($B34=400,Q34-SUM(E34,G34,J34,L34,N34),0) -> 0 | Y34: =IF($B34=100,Q34-SUM(E34,G34,J34,L34,N34),0) -> 0 | Z34: =SUM(S34:Y34)*2 -> 0
Q35: =C35*D35/1000000-O35 -> 0 | S35: =IF($B35=150,Q35-SUM(E35,G35,J35,L35,N35),0) -> 0 | T35: =IF($B35=200,Q35-SUM(E35,G35,J35,L35,N35),0) -> 0 | U35: =IF($B35=250,Q35-SUM(E35,G35,J35,L35,N35),0) -> 0 | V35: =IF($B35=300,Q35-SUM(E35,G35,J35,L35,N35),0) -> 0 | W35: =IF($B35=350,Q35-SUM(E35,G35,J35,L35,N35),0) -> 0 | X35: =IF($B35=400,Q35-SUM(E35,G35,J35,L35,N35),0) -> 0 | Y35: =IF($B35=100,Q35-SUM(E35,G35,J35,L35,N35),0) -> 0 | Z35: =SUM(S35:Y35)*2 -> 0
A36: VOLUME | F36: =SUM(F8:F35) -> 0 | K36: =SUM(K8:K35) -> 0 | M36: =SUM(M8:M35) -> 0 | Q36: =SUM(Q8:Q35) -> 777 | R36: =SUM(R8:R35) -> 0 | S36: =SUM(S8:S35) -> 148.67 | T36: =SUM(T8:T35) -> 294.96 | U36: =SUM(U8:U35) -> 0 | V36: =SUM(V8:V35) -> 0 | W36: =SUM(W8:W35) -> 0 | X36: =SUM(X8:X35) -> 11.4625 | ... AA36: =SUM(AA8:AA35) -> 0 | AB36: =SUM(R36:Y36) -> 643.17 | AC36: =SUM(AC8:AC35) -> 100.34 | AD36: =SUM(AD8:AD35) -> 19.4745
AD37: =AD36/AB36 -> 0.030278931
A38: Lantai 2 | C38: Panjang | D38: Tinggi | E38: Luas Pengurang | Q38: Luas Bruto - Kusen | R38: Luas Bruto - Kusen dan Balok | S38: Luas Dinding 1/2 Bata | T38: Luas Dinding 3/4 Bata | U38: Luas Dinding 1 Bata | V38: Luas Dinding 1 1/4 Bata | W38: Luas Dinding 1 1/2 Bata | X38: Luas Dinding 1 3/4 Bata | Y38: Luas Dinding 1/4 Bata | Z38: Plester & Aci | AA38: Benangan
E39: Kolom Struktur | F39: Kolom Praktis | H39: Balok Struktur | K39: Balok Latei | M39: Balok Praktis | O39: Luas Kusen | P39: Tipe Kusen | AC39: Benangan Opening | AD39: Luas Plesteran Opening
A40: Nomor | B40: Tebal (mm) | E40: m2 | F40: m' | G40: Luas KP | H40: panjang | I40: tinggi | J40: Luas Balok | K40: m' | L40: Luas BL | M40: m' | N40: Luas BP | O40: m2 | Q40: m2 | R40: m2 | S40: m2 | T40: m2 | U40: m2 | V40: m2 | W40: m2 | X40: m2 | Y40: m2 | Z40: m2 | AA40: m'
A41: 1 | B41: 150 | C41: 2775 | D41: 4500 | O41: =(0.9*3) -> 2.7 | P41: PG | Q41: =C41*D41/1000000-O41 -> 9.7875 | S41: =IF($B41=150,Q41-SUM(E41,G41,J41,L41,N41),0) -> 9.7875 | T41: =IF($B41=200,Q41-SUM(E41,G41,J41,L41,N41),0) -> 0 | U41: =IF($B41=250,Q41-SUM(E41,G41,J41,L41,N41),0) -> 0 | V41: =IF($B41=300,Q41-SUM(E41,G41,J41,L41,N41),0) -> 0 | W41: =IF($B41=350,Q41-SUM(E41,G41,J41,L41,N41),0) -> 0 | X41: =IF($B41=400,Q41-SUM(E41,G41,J41,L41,N41),0) -> 0 | Y41: =IF($B41=100,Q41-SUM(E41,G41,J41,L41,N41),0) -> 0 | Z41: =SUM(S41:Y41)*2 -> 19.575 | AB41: PG | AC41: =(0.9+2*2.4) -> 5.7 | AD41: =AC41*(IF(S41>0,150,IF(T41>0,200,IF(U41>0,250,IF(V41>0,300,IF(W41>0,350,IF(X41>0,400,IF(Y41>0,450))))))))/1000 -> 0.855
A42: 2 | B42: 150 | C42: 4775 | D42: 4500 | Q42: =C42*D42/1000000-O42 -> 21.4875 | S42: =IF($B42=150,Q42-SUM(E42,G42,J42,L42,N42),0) -> 21.4875 | T42: =IF($B42=200,Q42-SUM(E42,G42,J42,L42,N42),0) -> 0 | U42: =IF($B42=250,Q42-SUM(E42,G42,J42,L42,N42),0) -> 0 | V42: =IF($B42=300,Q42-SUM(E42,G42,J42,L42,N42),0) -> 0 | W42: =IF($B42=350,Q42-SUM(E42,G42,J42,L42,N42),0) -> 0 | X42: =IF($B42=400,Q42-SUM(E42,G42,J42,L42,N42),0) -> 0 | Y42: =IF($B42=100,Q42-SUM(E42,G42,J42,L42,N42),0) -> 0 | Z42: =SUM(S42:Y42)*2 -> 42.975 | AD42: =AC42*(IF(S42>0,150,IF(T42>0,200,IF(U42>0,250,IF(V42>0,300,IF(W42>0,350,IF(X42>0,400,IF(Y42>0,450))))))))/1000 -> 0
A43: 3 | B43: 150 | C43: 2350 | D43: 4500 | Q43: =C43*D43/1000000-O43 -> 10.575 | S43: =IF($B43=150,Q43-SUM(E43,G43,J43,L43,N43),0) -> 10.575 | T43: =IF($B43=200,Q43-SUM(E43,G43,J43,L43,N43),0) -> 0 | U43: =IF($B43=250,Q43-SUM(E43,G43,J43,L43,N43),0) -> 0 | V43: =IF($B43=300,Q43-SUM(E43,G43,J43,L43,N43),0) -> 0 | W43: =IF($B43=350,Q43-SUM(E43,G43,J43,L43,N43),0) -> 0 | X43: =IF($B43=400,Q43-SUM(E43,G43,J43,L43,N43),0) -> 0 | Y43: =IF($B43=100,Q43-SUM(E43,G43,J43,L43,N43),0) -> 0 | Z43: =SUM(S43:Y43)*2 -> 21.15 | AD43: =AC43*(IF(S43>0,150,IF(T43>0,200,IF(U43>0,250,IF(V43>0,300,IF(W43>0,350,IF(X43>0,400,IF(Y43>0,450))))))))/1000 -> 0
A44: 4 | B44: 150 | C44: 5275 | D44: 4500 | O44: =(1*3) -> 3 | P44: O | Q44: =C44*D44/1000000-O44 -> 20.7375 | S44: =IF($B44=150,Q44-SUM(E44,G44,J44,L44,N44),0) -> 20.7375 | T44: =IF($B44=200,Q44-SUM(E44,G44,J44,L44,N44),0) -> 0 | U44: =IF($B44=250,Q44-SUM(E44,G44,J44,L44,N44),0) -> 0 | V44: =IF($B44=300,Q44-SUM(E44,G44,J44,L44,N44),0) -> 0 | W44: =IF($B44=350,Q44-SUM(E44,G44,J44,L44,N44),0) -> 0 | X44: =IF($B44=400,Q44-SUM(E44,G44,J44,L44,N44),0) -> 0 | Y44: =IF($B44=100,Q44-SUM(E44,G44,J44,L44,N44),0) -> 0 | Z44: =SUM(S44:Y44)*2 -> 41.475 | AB44: O | AC44: =(1+2*2.4) -> 5.8 | AD44: =AC44*(IF(S44>0,150,IF(T44>0,200,IF(U44>0,250,IF(V44>0,300,IF(W44>0,350,IF(X44>0,400,IF(Y44>0,450))))))))/1000 -> 0.87
A45: 5 | B45: 200 | C45: 5275 | D45: 4500 | O45: =(2.945*3) -> 8.835 | P45: PG | Q45: =C45*D45/1000000-O45 -> 14.9025 | S45: =IF($B45=150,Q45-SUM(E45,G45,J45,L45,N45),0) -> 0 | T45: =IF($B45=200,Q45-SUM(E45,G45,J45,L45,N45),0) -> 14.9025 | U45: =IF($B45=250,Q45-SUM(E45,G45,J45,L45,N45),0) -> 0 | V45: =IF($B45=300,Q45-SUM(E45,G45,J45,L45,N45),0) -> 0 | W45: =IF($B45=350,Q45-SUM(E45,G45,J45,L45,N45),0) -> 0 | X45: =IF($B45=400,Q45-SUM(E45,G45,J45,L45,N45),0) -> 0 | Y45: =IF($B45=100,Q45-SUM(E45,G45,J45,L45,N45),0) -> 0 | Z45: =SUM(S45:Y45)*2 -> 29.805 | AB45: PG | AC45: =(2.945+2*2.4) -> 7.745 | AD45: =AC45*(IF(S45>0,150,IF(T45>0,200,IF(U45>0,250,IF(V45>0,300,IF(W45>0,350,IF(X45>0,400,IF(Y45>0,450))))))))/1000 -> 1.549
A46: 6 | B46: 200 | C46: 14775 | D46: 4500 | O46: =(0.98*3)+(0.72*1.2)+(0.98*3) -> 6.744 | P46: PJ,P | Q46: =C46*D46/1000000-O46 -> 59.7435 | S46: =IF($B46=150,Q46-SUM(E46,G46,J46,L46,N46),0) -> 0 | T46: =IF($B46=200,Q46-SUM(E46,G46,J46,L46,N46),0) -> 59.7435 | U46: =IF($B46=250,Q46-SUM(E46,G46,J46,L46,N46),0) -> 0 | V46: =IF($B46=300,Q46-SUM(E46,G46,J46,L46,N46),0) -> 0 | W46: =IF($B46=350,Q46-SUM(E46,G46,J46,L46,N46),0) -> 0 | X46: =IF($B46=400,Q46-SUM(E46,G46,J46,L46,N46),0) -> 0 | Y46: =IF($B46=100,Q46-SUM(E46,G46,J46,L46,N46),0) -> 0 | Z46: =SUM(S46:Y46)*2 -> 119.487 | AB46: PJ,P | AC46: =(0.98+2*2.4)+(0.72+2*1.2)+(0.98+2*2.4) -> 14.68 | AD46: =AC46*(IF(S46>0,150,IF(T46>0,200,IF(U46>0,250,IF(V46>0,300,IF(W46>0,350,IF(X46>0,400,IF(Y46>0,450))))))))/1000 -> 2.936
A47: 7 | B47: 150 | C47: 3350 | D47: 4500 | O47: =(0.98*3) -> 2.94 | P47: P | Q47: =C47*D47/1000000-O47 -> 12.135 | S47: =IF($B47=150,Q47-SUM(E47,G47,J47,L47,N47),0) -> 12.135 | T47: =IF($B47=200,Q47-SUM(E47,G47,J47,L47,N47),0) -> 0 | U47: =IF($B47=250,Q47-SUM(E47,G47,J47,L47,N47),0) -> 0 | V47: =IF($B47=300,Q47-SUM(E47,G47,J47,L47,N47),0) -> 0 | W47: =IF($B47=350,Q47-SUM(E47,G47,J47,L47,N47),0) -> 0 | X47: =IF($B47=400,Q47-SUM(E47,G47,J47,L47,N47),0) -> 0 | Y47: =IF($B47=100,Q47-SUM(E47,G47,J47,L47,N47),0) -> 0 | Z47: =SUM(S47:Y47)*2 -> 24.27 | AB47: P | AC47: =(0.98+2*2.4) -> 5.78 | AD47: =AC47*(IF(S47>0,150,IF(T47>0,200,IF(U47>0,250,IF(V47>0,300,IF(W47>0,350,IF(X47>0,400,IF(Y47>0,450))))))))/1000 -> 0.867
A48: 8 | B48: 150 | C48: 3775 | D48: 4500 | O48: =(0.9*1.2) -> 1.08 | P48: J | Q48: =C48*D48/1000000-O48 -> 15.9075 | S48: =IF($B48=150,Q48-SUM(E48,G48,J48,L48,N48),0) -> 15.9075 | T48: =IF($B48=200,Q48-SUM(E48,G48,J48,L48,N48),0) -> 0 | U48: =IF($B48=250,Q48-SUM(E48,G48,J48,L48,N48),0) -> 0 | V48: =IF($B48=300,Q48-SUM(E48,G48,J48,L48,N48),0) -> 0 | W48: =IF($B48=350,Q48-SUM(E48,G48,J48,L48,N48),0) -> 0 | X48: =IF($B48=400,Q48-SUM(E48,G48,J48,L48,N48),0) -> 0 | Y48: =IF($B48=100,Q48-SUM(E48,G48,J48,L48,N48),0) -> 0 | Z48: =SUM(S48:Y48)*2 -> 31.815 | AB48: J | AC48: =2*(0.9+1.2) -> 4.2 | AD48: =AC48*(IF(S48>0,150,IF(T48>0,200,IF(U48>0,250,IF(V48>0,300,IF(W48>0,350,IF(X48>0,400,IF(Y48>0,450))))))))/1000 -> 0.63
A49: 9 | B49: 150 | C49: 2350 | D49: 4500 | O49: =(0.9*3) -> 2.7 | P49: O | Q49: =C49*D49/1000000-O49 -> 7.875 | S49: =IF($B49=150,Q49-SUM(E49,G49,J49,L49,N49),0) -> 7.875 | T49: =IF($B49=200,Q49-SUM(E49,G49,J49,L49,N49),0) -> 0 | U49: =IF($B49=250,Q49-SUM(E49,G49,J49,L49,N49),0) -> 0 | V49: =IF($B49=300,Q49-SUM(E49,G49,J49,L49,N49),0) -> 0 | W49: =IF($B49=350,Q49-SUM(E49,G49,J49,L49,N49),0) -> 0 | X49: =IF($B49=400,Q49-SUM(E49,G49,J49,L49,N49),0) -> 0 | Y49: =IF($B49=100,Q49-SUM(E49,G49,J49,L49,N49),0) -> 0 | Z49: =SUM(S49:Y49)*2 -> 15.75 | AB49: O | AC49: =(0.9+2*2.4) -> 5.7 | AD49: =AC49*(IF(S49>0,150,IF(T49>0,200,IF(U49>0,250,IF(V49>0,300,IF(W49>0,350,IF(X49>0,400,IF(Y49>0,450))))))))/1000 -> 0.855
A50: 10 | B50: 150 | C50: 1925 | D50: 4500 | Q50: =C50*D50/1000000-O50 -> 8.6625 | S50: =IF($B50=150,Q50-SUM(E50,G50,J50,L50,N50),0) -> 8.6625 | T50: =IF($B50=200,Q50-SUM(E50,G50,J50,L50,N50),0) -> 0 | U50: =IF($B50=250,Q50-SUM(E50,G50,J50,L50,N50),0) -> 0 | V50: =IF($B50=300,Q50-SUM(E50,G50,J50,L50,N50),0) -> 0 | W50: =IF($B50=350,Q50-SUM(E50,G50,J50,L50,N50),0) -> 0 | X50: =IF($B50=400,Q50-SUM(E50,G50,J50,L50,N50),0) -> 0 | Y50: =IF($B50=100,Q50-SUM(E50,G50,J50,L50,N50),0) -> 0 | Z50: =SUM(S50:Y50)*2 -> 17.325 | AD50: =AC50*(IF(S50>0,150,IF(T50>0,200,IF(U50>0,250,IF(V50>0,300,IF(W50>0,350,IF(X50>0,400,IF(Y50>0,450))))))))/1000 -> 0
A51: 11 | B51: 200 | C51: 2200 | D51: 4500 | Q51: =C51*D51/1000000-O51 -> 9.9 | S51: =IF($B51=150,Q51-SUM(E51,G51,J51,L51,N51),0) -> 0 | T51: =IF($B51=200,Q51-SUM(E51,G51,J51,L51,N51),0) -> 9.9 | U51: =IF($B51=250,Q51-SUM(E51,G51,J51,L51,N51),0) -> 0 | V51: =IF($B51=300,Q51-SUM(E51,G51,J51,L51,N51),0) -> 0 | W51: =IF($B51=350,Q51-SUM(E51,G51,J51,L51,N51),0) -> 0 | X51: =IF($B51=400,Q51-SUM(E51,G51,J51,L51,N51),0) -> 0 | Y51: =IF($B51=100,Q51-SUM(E51,G51,J51,L51,N51),0) -> 0 | Z51: =SUM(S51:Y51)*2 -> 19.8 | AD51: =AC51*(IF(S51>0,150,IF(T51>0,200,IF(U51>0,250,IF(V51>0,300,IF(W51>0,350,IF(X51>0,400,IF(Y51>0,450))))))))/1000 -> 0
A52: 12 | B52: 150 | C52: 6200 | D52: 4500 | Q52: =C52*D52/1000000-O52 -> 27.9 | S52: =IF($B52=150,Q52-SUM(E52,G52,J52,L52,N52),0) -> 27.9 | T52: =IF($B52=200,Q52-SUM(E52,G52,J52,L52,N52),0) -> 0 | U52: =IF($B52=250,Q52-SUM(E52,G52,J52,L52,N52),0) -> 0 | V52: =IF($B52=300,Q52-SUM(E52,G52,J52,L52,N52),0) -> 0 | W52: =IF($B52=350,Q52-SUM(E52,G52,J52,L52,N52),0) -> 0 | X52: =IF($B52=400,Q52-SUM(E52,G52,J52,L52,N52),0) -> 0 | Y52: =IF($B52=100,Q52-SUM(E52,G52,J52,L52,N52),0) -> 0 | Z52: =SUM(S52:Y52)*2 -> 55.8 | AD52: =AC52*(IF(S52>0,150,IF(T52>0,200,IF(U52>0,250,IF(V52>0,300,IF(W52>0,350,IF(X52>0,400,IF(Y52>0,450))))))))/1000 -> 0
A53: 13 | B53: 200 | C53: 150 | D53: 4500 | Q53: =C53*D53/1000000-O53 -> 0.675 | S53: =IF($B53=150,Q53-SUM(E53,G53,J53,L53,N53),0) -> 0 | T53: =IF($B53=200,Q53-SUM(E53,G53,J53,L53,N53),0) -> 0.675 | U53: =IF($B53=250,Q53-SUM(E53,G53,J53,L53,N53),0) -> 0 | V53: =IF($B53=300,Q53-SUM(E53,G53,J53,L53,N53),0) -> 0 | W53: =IF($B53=350,Q53-SUM(E53,G53,J53,L53,N53),0) -> 0 | X53: =IF($B53=400,Q53-SUM(E53,G53,J53,L53,N53),0) -> 0 | Y53: =IF($B53=100,Q53-SUM(E53,G53,J53,L53,N53),0) -> 0 | Z53: =SUM(S53:Y53)*2 -> 1.35 | AD53: =AC53*(IF(S53>0,150,IF(T53>0,200,IF(U53>0,250,IF(V53>0,300,IF(W53>0,350,IF(X53>0,400,IF(Y53>0,450))))))))/1000 -> 0
A54: 14 | B54: 200 | C54: 150 | D54: 4500 | Q54: =C54*D54/1000000-O54 -> 0.675 | S54: =IF($B54=150,Q54-SUM(E54,G54,J54,L54,N54),0) -> 0 | T54: =IF($B54=200,Q54-SUM(E54,G54,J54,L54,N54),0) -> 0.675 | U54: =IF($B54=250,Q54-SUM(E54,G54,J54,L54,N54),0) -> 0 | V54: =IF($B54=300,Q54-SUM(E54,G54,J54,L54,N54),0) -> 0 | W54: =IF($B54=350,Q54-SUM(E54,G54,J54,L54,N54),0) -> 0 | X54: =IF($B54=400,Q54-SUM(E54,G54,J54,L54,N54),0) -> 0 | Y54: =IF($B54=100,Q54-SUM(E54,G54,J54,L54,N54),0) -> 0 | Z54: =SUM(S54:Y54)*2 -> 1.35 | AD54: =AC54*(IF(S54>0,150,IF(T54>0,200,IF(U54>0,250,IF(V54>0,300,IF(W54>0,350,IF(X54>0,400,IF(Y54>0,450))))))))/1000 -> 0
A55: 15 | B55: 200 | C55: 7250 | D55: 4500 | O55: =(1.2*3) -> 3.6 | P55: P | Q55: =C55*D55/1000000-O55 -> 29.025 | S55: =IF($B55=150,Q55-SUM(E55,G55,J55,L55,N55),0) -> 0 | T55: =IF($B55=200,Q55-SUM(E55,G55,J55,L55,N55),0) -> 29.025 | U55: =IF($B55=250,Q55-SUM(E55,G55,J55,L55,N55),0) -> 0 | V55: =IF($B55=300,Q55-SUM(E55,G55,J55,L55,N55),0) -> 0 | W55: =IF($B55=350,Q55-SUM(E55,G55,J55,L55,N55),0) -> 0 | X55: =IF($B55=400,Q55-SUM(E55,G55,J55,L55,N55),0) -> 0 | Y55: =IF($B55=100,Q55-SUM(E55,G55,J55,L55,N55),0) -> 0 | Z55: =SUM(S55:Y55)*2 -> 58.05 | AB55: P | AC55: =(1.2+2*2.4) -> 6 | AD55: =AC55*(IF(S55>0,150,IF(T55>0,200,IF(U55>0,250,IF(V55>0,300,IF(W55>0,350,IF(X55>0,400,IF(Y55>0,450))))))))/1000 -> 1.2
A56: 16 | B56: 150 | C56: 3775 | D56: 4500 | O56: =(1.8*3) -> 5.4 | P56: PG | Q56: =C56*D56/1000000-O56 -> 11.5875 | S56: =IF($B56=150,Q56-SUM(E56,G56,J56,L56,N56),0) -> 11.5875 | T56: =IF($B56=200,Q56-SUM(E56,G56,J56,L56,N56),0) -> 0 | U56: =IF($B56=250,Q56-SUM(E56,G56,J56,L56,N56),0) -> 0 | V56: =IF($B56=300,Q56-SUM(E56,G56,J56,L56,N56),0) -> 0 | W56: =IF($B56=350,Q56-SUM(E56,G56,J56,L56,N56),0) -> 0 | X56: =IF($B56=400,Q56-SUM(E56,G56,J56,L56,N56),0) -> 0 | Y56: =IF($B56=100,Q56-SUM(E56,G56,J56,L56,N56),0) -> 0 | Z56: =SUM(S56:Y56)*2 -> 23.175 | AB56: PG | AC56: =(1.8+2*2.4) -> 6.6 | AD56: =AC56*(IF(S56>0,150,IF(T56>0,200,IF(U56>0,250,IF(V56>0,300,IF(W56>0,350,IF(X56>0,400,IF(Y56>0,450))))))))/1000 -> 0.99
A57: 17 | B57: 200 | C57: 5000 | D57: 4500 | O57: =(2*3) -> 6 | P57: J | Q57: =C57*D57/1000000-O57 -> 16.5 | S57: =IF($B57=150,Q57-SUM(E57,G57,J57,L57,N57),0) -> 0 | T57: =IF($B57=200,Q57-SUM(E57,G57,J57,L57,N57),0) -> 16.5 | U57: =IF($B57=250,Q57-SUM(E57,G57,J57,L57,N57),0) -> 0 | V57: =IF($B57=300,Q57-SUM(E57,G57,J57,L57,N57),0) -> 0 | W57: =IF($B57=350,Q57-SUM(E57,G57,J57,L57,N57),0) -> 0 | X57: =IF($B57=400,Q57-SUM(E57,G57,J57,L57,N57),0) -> 0 | Y57: =IF($B57=100,Q57-SUM(E57,G57,J57,L57,N57),0) -> 0 | Z57: =SUM(S57:Y57)*2 -> 33 | AB57: J | AC57: =2*(2+3) -> 10 | AD57: =AC57*(IF(S57>0,150,IF(T57>0,200,IF(U57>0,250,IF(V57>0,300,IF(W57>0,350,IF(X57>0,400,IF(Y57>0,450))))))))/1000 -> 2
A58: 18 | B58: 200 | C58: 6500 | D58: 4500 | O58: =(1.2*3) -> 3.6 | P58: P | Q58: =C58*D58/1000000-O58 -> 25.65 | S58: =IF($B58=150,Q58-SUM(E58,G58,J58,L58,N58),0) -> 0 | T58: =IF($B58=200,Q58-SUM(E58,G58,J58,L58,N58),0) -> 25.65 | U58: =IF($B58=250,Q58-SUM(E58,G58,J58,L58,N58),0) -> 0 | V58: =IF($B58=300,Q58-SUM(E58,G58,J58,L58,N58),0) -> 0 | W58: =IF($B58=350,Q58-SUM(E58,G58,J58,L58,N58),0) -> 0 | X58: =IF($B58=400,Q58-SUM(E58,G58,J58,L58,N58),0) -> 0 | Y58: =IF($B58=100,Q58-SUM(E58,G58,J58,L58,N58),0) -> 0 | Z58: =SUM(S58:Y58)*2 -> 51.3 | AB58: P | AC58: =(1.2+2*2.4) -> 6 | AD58: =AC58*(IF(S58>0,150,IF(T58>0,200,IF(U58>0,250,IF(V58>0,300,IF(W58>0,350,IF(X58>0,400,IF(Y58>0,450))))))))/1000 -> 1.2
A59: 19 | B59: 150 | C59: 1850 | D59: 4500 | O59: =(1*3) -> 3 | P59: P | Q59: =C59*D59/1000000-O59 -> 5.325 | S59: =IF($B59=150,Q59-SUM(E59,G59,J59,L59,N59),0) -> 5.325 | T59: =IF($B59=200,Q59-SUM(E59,G59,J59,L59,N59),0) -> 0 | U59: =IF($B59=250,Q59-SUM(E59,G59,J59,L59,N59),0) -> 0 | V59: =IF($B59=300,Q59-SUM(E59,G59,J59,L59,N59),0) -> 0 | W59: =IF($B59=350,Q59-SUM(E59,G59,J59,L59,N59),0) -> 0 | X59: =IF($B59=400,Q59-SUM(E59,G59,J59,L59,N59),0) -> 0 | Y59: =IF($B59=100,Q59-SUM(E59,G59,J59,L59,N59),0) -> 0 | Z59: =SUM(S59:Y59)*2 -> 10.65 | AB59: P | AC59: =(1+2*2.4) -> 5.8 | AD59: =AC59*(IF(S59>0,150,IF(T59>0,200,IF(U59>0,250,IF(V59>0,300,IF(W59>0,350,IF(X59>0,400,IF(Y59>0,450))))))))/1000 -> 0.87
A60: 20 | B60: 150 | C60: 4600 | D60: 4500 | Q60: =C60*D60/1000000-O60 -> 20.7 | S60: =IF($B60=150,Q60-SUM(E60,G60,J60,L60,N60),0) -> 20.7 | T60: =IF($B60=200,Q60-SUM(E60,G60,J60,L60,N60),0) -> 0 | U60: =IF($B60=250,Q60-SUM(E60,G60,J60,L60,N60),0) -> 0 | V60: =IF($B60=300,Q60-SUM(E60,G60,J60,L60,N60),0) -> 0 | W60: =IF($B60=350,Q60-SUM(E60,G60,J60,L60,N60),0) -> 0 | X60: =IF($B60=400,Q60-SUM(E60,G60,J60,L60,N60),0) -> 0 | Y60: =IF($B60=100,Q60-SUM(E60,G60,J60,L60,N60),0) -> 0 | Z60: =SUM(S60:Y60)*2 -> 41.4 | AD60: =AC60*(IF(S60>0,150,IF(T60>0,200,IF(U60>0,250,IF(V60>0,300,IF(W60>0,350,IF(X60>0,400,IF(Y60>0,450))))))))/1000 -> 0
A61: 21 | B61: 150 | C61: 5850 | D61: 4500 | Q61: =C61*D61/1000000-O61 -> 26.325 | S61: =IF($B61=150,Q61-SUM(E61,G61,J61,L61,N61),0) -> 26.325 | T61: =IF($B61=200,Q61-SUM(E61,G61,J61,L61,N61),0) -> 0 | U61: =IF($B61=250,Q61-SUM(E61,G61,J61,L61,N61),0) -> 0 | V61: =IF($B61=300,Q61-SUM(E61,G61,J61,L61,N61),0) -> 0 | W61: =IF($B61=350,Q61-SUM(E61,G61,J61,L61,N61),0) -> 0 | X61: =IF($B61=400,Q61-SUM(E61,G61,J61,L61,N61),0) -> 0 | Y61: =IF($B61=100,Q61-SUM(E61,G61,J61,L61,N61),0) -> 0 | Z61: =SUM(S61:Y61)*2 -> 52.65 | AD61: =AC61*(IF(S61>0,150,IF(T61>0,200,IF(U61>0,250,IF(V61>0,300,IF(W61>0,350,IF(X61>0,400,IF(Y61>0,450))))))))/1000 -> 0
A62: 22 | B62: 200 | C62: 10650 | D62: 4500 | O62: =(2.2*1)+(2.35*3) -> 9.25 | P62: J,PG | Q62: =C62*D62/1000000-O62 -> 38.675 | S62: =IF($B62=150,Q62-SUM(E62,G62,J62,L62,N62),0) -> 0 | T62: =IF($B62=200,Q62-SUM(E62,G62,J62,L62,N62),0) -> 38.675 | U62: =IF($B62=250,Q62-SUM(E62,G62,J62,L62,N62),0) -> 0 | V62: =IF($B62=300,Q62-SUM(E62,G62,J62,L62,N62),0) -> 0 | W62: =IF($B62=350,Q62-SUM(E62,G62,J62,L62,N62),0) -> 0 | X62: =IF($B62=400,Q62-SUM(E62,G62,J62,L62,N62),0) -> 0 | Y62: =IF($B62=100,Q62-SUM(E62,G62,J62,L62,N62),0) -> 0 | Z62: =SUM(S62:Y62)*2 -> 77.35 | AB62: J,PG | AC62: =2*(2.2+2.4)+(2.35+2*2.4) -> 16.35 | AD62: =AC62*(IF(S62>0,150,IF(T62>0,200,IF(U62>0,250,IF(V62>0,300,IF(W62>0,350,IF(X62>0,400,IF(Y62>0,450))))))))/1000 -> 3.27
A63: 23 | B63: 100 | C63: 9000 | D63: 4500 | Q63: =C63*D63/1000000-O63 -> 40.5 | S63: =IF($B63=150,Q63-SUM(E63,G63,J63,L63,N63),0) -> 0 | T63: =IF($B63=200,Q63-SUM(E63,G63,J63,L63,N63),0) -> 0 | U63: =IF($B63=250,Q63-SUM(E63,G63,J63,L63,N63),0) -> 0 | V63: =IF($B63=300,Q63-SUM(E63,G63,J63,L63,N63),0) -> 0 | W63: =IF($B63=350,Q63-SUM(E63,G63,J63,L63,N63),0) -> 0 | X63: =IF($B63=400,Q63-SUM(E63,G63,J63,L63,N63),0) -> 0 | Y63: =IF($B63=100,Q63-SUM(E63,G63,J63,L63,N63),0) -> 40.5 | Z63: =SUM(S63:Y63)*2 -> 81 | AD63: =AC63*(IF(S63>0,150,IF(T63>0,200,IF(U63>0,250,IF(V63>0,300,IF(W63>0,350,IF(X63>0,400,IF(Y63>0,450))))))))/1000 -> 0
A64: 23A | B64: 150 | C64: 10925 | D64: 4500 | Q64: =C64*D64/1000000-O64 -> 49.1625 | S64: =IF($B64=150,Q64-SUM(E64,G64,J64,L64,N64),0) -> 49.1625 | T64: =IF($B64=200,Q64-SUM(E64,G64,J64,L64,N64),0) -> 0 | U64: =IF($B64=250,Q64-SUM(E64,G64,J64,L64,N64),0) -> 0 | V64: =IF($B64=300,Q64-SUM(E64,G64,J64,L64,N64),0) -> 0 | W64: =IF($B64=350,Q64-SUM(E64,G64,J64,L64,N64),0) -> 0 | X64: =IF($B64=400,Q64-SUM(E64,G64,J64,L64,N64),0) -> 0 | Y64: =IF($B64=100,Q64-SUM(E64,G64,J64,L64,N64),0) -> 0 | Z64: =SUM(S64:Y64)*2 -> 98.325
A65: 24 | B65: 100 | C65: 15000 | D65: 4500 | Q65: =C65*D65/1000000-O65 -> 67.5 | S65: =IF($B65=150,Q65-SUM(E65,G65,J65,L65,N65),0) -> 0 | T65: =IF($B65=200,Q65-SUM(E65,G65,J65,L65,N65),0) -> 0 | U65: =IF($B65=250,Q65-SUM(E65,G65,J65,L65,N65),0) -> 0 | V65: =IF($B65=300,Q65-SUM(E65,G65,J65,L65,N65),0) -> 0 | W65: =IF($B65=350,Q65-SUM(E65,G65,J65,L65,N65),0) -> 0 | X65: =IF($B65=400,Q65-SUM(E65,G65,J65,L65,N65),0) -> 0 | Y65: =IF($B65=100,Q65-SUM(E65,G65,J65,L65,N65),0) -> 67.5 | Z65: =SUM(S65:Y65) -> 67.5 | AD65: =AC65*(IF(S65>0,150,IF(T65>0,200,IF(U65>0,250,IF(V65>0,300,IF(W65>0,350,IF(X65>0,400,IF(Y65>0,450))))))))/1000 -> 0
A66: 24A | B66: 150 | C66: 7000 | D66: 4500 | Q66: =C66*D66/1000000-O66 -> 31.5 | S66: =IF($B66=150,Q66-SUM(E66,G66,J66,L66,N66),0) -> 31.5 | T66: =IF($B66=200,Q66-SUM(E66,G66,J66,L66,N66),0) -> 0 | U66: =IF($B66=250,Q66-SUM(E66,G66,J66,L66,N66),0) -> 0 | V66: =IF($B66=300,Q66-SUM(E66,G66,J66,L66,N66),0) -> 0 | W66: =IF($B66=350,Q66-SUM(E66,G66,J66,L66,N66),0) -> 0 | X66: =IF($B66=400,Q66-SUM(E66,G66,J66,L66,N66),0) -> 0 | Y66: =IF($B66=100,Q66-SUM(E66,G66,J66,L66,N66),0) -> 0 | Z66: =SUM(S66:Y66)*2 -> 63
A67: 35 | C67: =8800-8*500 -> 4800 | D67: 4500 | Q67: =C67*D67/1000000-O67 -> 21.6 | S67: =IF($B67=150,Q67-SUM(E67,G67,J67,L67,N67),0) -> 0 | T67: =IF($B67=200,Q67-SUM(E67,G67,J67,L67,N67),0) -> 0 | U67: =IF($B67=250,Q67-SUM(E67,G67,J67,L67,N67),0) -> 0 | V67: =IF($B67=300,Q67-SUM(E67,G67,J67,L67,N67),0) -> 0 | W67: =IF($B67=350,Q67-SUM(E67,G67,J67,L67,N67),0) -> 0 | X67: =IF($B67=400,Q67-SUM(E67,G67,J67,L67,N67),0) -> 0 | Y67: =IF($B67=100,Q67-SUM(E67,G67,J67,L67,N67),0) -> 0 | Z67: =SUM(S67:Y67)*2 -> 0 | AD67: =AC67*(IF(S67>0,150,IF(T67>0,200,IF(U67>0,250,IF(V67>0,300,IF(W67>0,350,IF(X67>0,400,IF(Y67>0,450))))))))/1000 -> 0
A68: 36 | B68: 150 | C68: 3380 | D68: 4500 | Q68: =C68*D68/1000000-O68 -> 15.21 | S68: =IF($B68=150,Q68-SUM(E68,G68,J68,L68,N68),0) -> 15.21 | T68: =IF($B68=200,Q68-SUM(E68,G68,J68,L68,N68),0) -> 0 | U68: =IF($B68=250,Q68-SUM(E68,G68,J68,L68,N68),0) -> 0 | V68: =IF($B68=300,Q68-SUM(E68,G68,J68,L68,N68),0) -> 0 | W68: =IF($B68=350,Q68-SUM(E68,G68,J68,L68,N68),0) -> 0 | X68: =IF($B68=400,Q68-SUM(E68,G68,J68,L68,N68),0) -> 0 | Y68: =IF($B68=100,Q68-SUM(E68,G68,J68,L68,N68),0) -> 0 | Z68: =SUM(S68:Y68)*2 -> 30.42 | AD68: =AC68*(IF(S68>0,150,IF(T68>0,200,IF(U68>0,250,IF(V68>0,300,IF(W68>0,350,IF(X68>0,400,IF(Y68>0,450))))))))/1000 -> 0
Q69: =C69*D69/1000000-O69 -> 0 | S69: =IF($B69=150,Q69-SUM(E69,G69,J69,L69,N69),0) -> 0 | T69: =IF($B69=200,Q69-SUM(E69,G69,J69,L69,N69),0) -> 0 | U69: =IF($B69=250,Q69-SUM(E69,G69,J69,L69,N69),0) -> 0 | V69: =IF($B69=300,Q69-SUM(E69,G69,J69,L69,N69),0) -> 0 | W69: =IF($B69=350,Q69-SUM(E69,G69,J69,L69,N69),0) -> 0 | X69: =IF($B69=400,Q69-SUM(E69,G69,J69,L69,N69),0) -> 0 | Y69: =IF($B69=100,Q69-SUM(E69,G69,J69,L69,N69),0) -> 0 | Z69: =SUM(S69:Y69)*2 -> 0
Q70: =C70*D70/1000000-O70 -> 0 | S70: =IF($B70=150,Q70-SUM(E70,G70,J70,L70,N70),0) -> 0 | T70: =IF($B70=200,Q70-SUM(E70,G70,J70,L70,N70),0) -> 0 | U70: =IF($B70=250,Q70-SUM(E70,G70,J70,L70,N70),0) -> 0 | V70: =IF($B70=300,Q70-SUM(E70,G70,J70,L70,N70),0) -> 0 | W70: =IF($B70=350,Q70-SUM(E70,G70,J70,L70,N70),0) -> 0 | X70: =IF($B70=400,Q70-SUM(E70,G70,J70,L70,N70),0) -> 0 | Y70: =IF($B70=100,Q70-SUM(E70,G70,J70,L70,N70),0) -> 0 | Z70: =SUM(S70:Y70)*2 -> 0
A71: VOLUME | F71: =SUM(F41:F70) -> 0 | K71: =SUM(K41:K70) -> 0 | M71: =SUM(M41:M70) -> 0 | Q71: =SUM(Q41:Q70) -> 620.2235 | R71: =SUM(R41:R70) -> 0 | S71: =SUM(S41:S70) -> 294.8775 | T71: =SUM(T41:T70) -> 195.746 | U71: =SUM(U41:U70) -> 0 | V71: =SUM(V41:V70) -> 0 | W71: =SUM(W41:W70) -> 0 | X71: =SUM(X41:X70) -> 0 | ... AA71: =SUM(AA41:AA70) -> 0 | AB71: =SUM(R71:Y71) -> 598.6235 | AC71: =SUM(AC41:AC70) -> 100.355 | AD71: =SUM(AD41:AD70) -> 18.092
AD72: =AD71/AB71 -> 0.030222669
A73: Lantai 3 | C73: Panjang | D73: Tinggi | E73: Luas Pengurang | Q73: Luas Bruto - Kusen | R73: Luas Bruto - Kusen dan Balok | S73: Luas Dinding 1/2 Bata | T73: Luas Dinding 3/4 Bata | U73: Luas Dinding 1 Bata | V73: Luas Dinding 1 1/4 Bata | W73: Luas Dinding 1 1/2 Bata | X73: Luas Dinding 1 3/4 Bata | Y73: Luas Dinding 3 1/4 Bata | Z73: Plester & Aci | AA73: Benangan
E74: Kolom Struktur | F74: Kolom Praktis | H74: Balok Struktur | K74: Balok Latei | M74: Balok Praktis | O74: Luas Kusen | P74: Tipe Kusen | AC74: Benangan Opening | AD74: Luas Plesteran Opening
A75: Nomor | B75: Tebal (mm) | E75: m2 | F75: m' | G75: Luas KP | H75: panjang | I75: tinggi | J75: Luas Balok | K75: m' | L75: Luas BL | M75: m' | N75: Luas BP | O75: m2 | Q75: m2 | R75: m2 | S75: m2 | T75: m2 | U75: m2 | V75: m2 | W75: m2 | X75: m2 | Y75: m2 | Z75: m2 | AA75: m'
A76: 1 | B76: 150 | C76: 4850 | D76: 3500 | O76: =(1.2*1.2) -> 1.44 | P76: J | Q76: =C76*D76/1000000-O76 -> 15.535 | S76: =IF($B76=150,Q76-SUM(E76,G76,J76,L76,N76),0) -> 15.535 | T76: =IF($B76=200,Q76-SUM(E76,G76,J76,L76,N76),0) -> 0 | U76: =IF($B76=250,Q76-SUM(E76,G76,J76,L76,N76),0) -> 0 | V76: =IF($B76=300,Q76-SUM(E76,G76,J76,L76,N76),0) -> 0 | W76: =IF($B76=350,Q76-SUM(E76,G76,J76,L76,N76),0) -> 0 | X76: =IF($B76=400,Q76-SUM(E76,G76,J76,L76,N76),0) -> 0 | Y76: =IF($B76=700,Q76-SUM(E76,G76,J76,L76,N76),0) -> 0 | Z76: =SUM(S76:Y76)*2 -> 31.07 | AB76: J | AC76: =2*(1.2+1.2) -> 4.8 | AD76: =AC76*(IF(S76>0,150,IF(T76>0,200,IF(U76>0,250,IF(V76>0,300,IF(W76>0,350,IF(X76>0,400,IF(Y76>0,450))))))))/1000 -> 0.72
A77: 2 | B77: 150 | C77: 3775 | D77: 3500 | O77: =(2.375*2.4) -> 5.7 | P77: O | Q77: =C77*D77/1000000-O77 -> 7.5125 | S77: =IF($B77=150,Q77-SUM(E77,G77,J77,L77,N77),0) -> 7.5125 | T77: =IF($B77=200,Q77-SUM(E77,G77,J77,L77,N77),0) -> 0 | U77: =IF($B77=250,Q77-SUM(E77,G77,J77,L77,N77),0) -> 0 | V77: =IF($B77=300,Q77-SUM(E77,G77,J77,L77,N77),0) -> 0 | W77: =IF($B77=350,Q77-SUM(E77,G77,J77,L77,N77),0) -> 0 | X77: =IF($B77=400,Q77-SUM(E77,G77,J77,L77,N77),0) -> 0 | Y77: =IF($B77=700,Q77-SUM(E77,G77,J77,L77,N77),0) -> 0 | Z77: =SUM(S77:Y77)*2 -> 15.025 | AB77: O | AC77: =(2.375+2*2.4) -> 7.175 | AD77: =AC77*(IF(S77>0,150,IF(T77>0,200,IF(U77>0,250,IF(V77>0,300,IF(W77>0,350,IF(X77>0,400,IF(Y77>0,450))))))))/1000 -> 1.07625
A78: 3 | B78: 150 | C78: 4850 | D78: 3500 | O78: =(1*2.4) -> 2.4 | P78: P | Q78: =C78*D78/1000000-O78 -> 14.575 | S78: =IF($B78=150,Q78-SUM(E78,G78,J78,L78,N78),0) -> 14.575 | T78: =IF($B78=200,Q78-SUM(E78,G78,J78,L78,N78),0) -> 0 | U78: =IF($B78=250,Q78-SUM(E78,G78,J78,L78,N78),0) -> 0 | V78: =IF($B78=300,Q78-SUM(E78,G78,J78,L78,N78),0) -> 0 | W78: =IF($B78=350,Q78-SUM(E78,G78,J78,L78,N78),0) -> 0 | X78: =IF($B78=400,Q78-SUM(E78,G78,J78,L78,N78),0) -> 0 | Y78: =IF($B78=700,Q78-SUM(E78,G78,J78,L78,N78),0) -> 0 | Z78: =SUM(S78:Y78)*2 -> 29.15 | AB78: P | AC78: =(1+2*2.4) -> 5.8 | AD78: =AC78*(IF(S78>0,150,IF(T78>0,200,IF(U78>0,250,IF(V78>0,300,IF(W78>0,350,IF(X78>0,400,IF(Y78>0,450))))))))/1000 -> 0.87
A79: 4 | B79: 150 | C79: 5850 | D79: 3500 | Q79: =C79*D79/1000000-O79 -> 20.475 | S79: =IF($B79=150,Q79-SUM(E79,G79,J79,L79,N79),0) -> 20.475 | T79: =IF($B79=200,Q79-SUM(E79,G79,J79,L79,N79),0) -> 0 | U79: =IF($B79=250,Q79-SUM(E79,G79,J79,L79,N79),0) -> 0 | V79: =IF($B79=300,Q79-SUM(E79,G79,J79,L79,N79),0) -> 0 | W79: =IF($B79=350,Q79-SUM(E79,G79,J79,L79,N79),0) -> 0 | X79: =IF($B79=400,Q79-SUM(E79,G79,J79,L79,N79),0) -> 0 | Y79: =IF($B79=700,Q79-SUM(E79,G79,J79,L79,N79),0) -> 0 | Z79: =SUM(S79:Y79)*2 -> 40.95 | AD79: =AC79*(IF(S79>0,150,IF(T79>0,200,IF(U79>0,250,IF(V79>0,300,IF(W79>0,350,IF(X79>0,400,IF(Y79>0,450))))))))/1000 -> 0
A80: 5 | B80: 150 | C80: 3775 | D80: 3500 | O80: =(2.975*2.4) -> 7.14 | P80: O | Q80: =C80*D80/1000000-O80 -> 6.0725 | S80: =IF($B80=150,Q80-SUM(E80,G80,J80,L80,N80),0) -> 6.0725 | T80: =IF($B80=200,Q80-SUM(E80,G80,J80,L80,N80),0) -> 0 | U80: =IF($B80=250,Q80-SUM(E80,G80,J80,L80,N80),0) -> 0 | V80: =IF($B80=300,Q80-SUM(E80,G80,J80,L80,N80),0) -> 0 | W80: =IF($B80=350,Q80-SUM(E80,G80,J80,L80,N80),0) -> 0 | X80: =IF($B80=400,Q80-SUM(E80,G80,J80,L80,N80),0) -> 0 | Y80: =IF($B80=700,Q80-SUM(E80,G80,J80,L80,N80),0) -> 0 | Z80: =SUM(S80:Y80)*2 -> 12.145 | AB80: O | AC80: =(2.975+2*2.4) -> 7.775 | AD80: =AC80*(IF(S80>0,150,IF(T80>0,200,IF(U80>0,250,IF(V80>0,300,IF(W80>0,350,IF(X80>0,400,IF(Y80>0,450))))))))/1000 -> 1.16625
A81: 6 | B81: 150 | C81: 2575 | D81: 3500 | O81: =(1.2*2.4) -> 2.88 | P81: O | Q81: =C81*D81/1000000-O81 -> 6.1325 | S81: =IF($B81=150,Q81-SUM(E81,G81,J81,L81,N81),0) -> 6.1325 | T81: =IF($B81=200,Q81-SUM(E81,G81,J81,L81,N81),0) -> 0 | U81: =IF($B81=250,Q81-SUM(E81,G81,J81,L81,N81),0) -> 0 | V81: =IF($B81=300,Q81-SUM(E81,G81,J81,L81,N81),0) -> 0 | W81: =IF($B81=350,Q81-SUM(E81,G81,J81,L81,N81),0) -> 0 | X81: =IF($B81=400,Q81-SUM(E81,G81,J81,L81,N81),0) -> 0 | Y81: =IF($B81=700,Q81-SUM(E81,G81,J81,L81,N81),0) -> 0 | Z81: =SUM(S81:Y81)*2 -> 12.265 | AB81: O | AC81: =(1.2+2*2.4) -> 6 | AD81: =AC81*(IF(S81>0,150,IF(T81>0,200,IF(U81>0,250,IF(V81>0,300,IF(W81>0,350,IF(X81>0,400,IF(Y81>0,450))))))))/1000 -> 0.9
A82: 7 | B82: 150 | C82: 4850 | D82: 3500 | O82: =(1.88*2.4) -> 4.512 | P82: P | Q82: =C82*D82/1000000-O82 -> 12.463 | S82: =IF($B82=150,Q82-SUM(E82,G82,J82,L82,N82),0) -> 12.463 | T82: =IF($B82=200,Q82-SUM(E82,G82,J82,L82,N82),0) -> 0 | U82: =IF($B82=250,Q82-SUM(E82,G82,J82,L82,N82),0) -> 0 | V82: =IF($B82=300,Q82-SUM(E82,G82,J82,L82,N82),0) -> 0 | W82: =IF($B82=350,Q82-SUM(E82,G82,J82,L82,N82),0) -> 0 | X82: =IF($B82=400,Q82-SUM(E82,G82,J82,L82,N82),0) -> 0 | Y82: =IF($B82=700,Q82-SUM(E82,G82,J82,L82,N82),0) -> 0 | Z82: =SUM(S82:Y82)*2 -> 24.926 | AB82: P | AC82: =(1.88+2*2.4) -> 6.68 | AD82: =AC82*(IF(S82>0,150,IF(T82>0,200,IF(U82>0,250,IF(V82>0,300,IF(W82>0,350,IF(X82>0,400,IF(Y82>0,450))))))))/1000 -> 1.002
A83: 8 | B83: 150 | C83: 13650 | D83: 3500 | O83: =(1.2*1.2)+(1.2*2.4) -> 4.32 | P83: J,P | Q83: =C83*D83/1000000-O83 -> 43.455 | S83: =IF($B83=150,Q83-SUM(E83,G83,J83,L83,N83),0) -> 43.455 | T83: =IF($B83=200,Q83-SUM(E83,G83,J83,L83,N83),0) -> 0 | U83: =IF($B83=250,Q83-SUM(E83,G83,J83,L83,N83),0) -> 0 | V83: =IF($B83=300,Q83-SUM(E83,G83,J83,L83,N83),0) -> 0 | W83: =IF($B83=350,Q83-SUM(E83,G83,J83,L83,N83),0) -> 0 | X83: =IF($B83=400,Q83-SUM(E83,G83,J83,L83,N83),0) -> 0 | Y83: =IF($B83=700,Q83-SUM(E83,G83,J83,L83,N83),0) -> 0 | Z83: =SUM(S83:Y83)*2 -> 86.91 | AB83: J,P | AC83: =2*(1.2+1.2)+(1.2+2*2.4) -> 10.8 | AD83: =AC83*(IF(S83>0,150,IF(T83>0,200,IF(U83>0,250,IF(V83>0,300,IF(W83>0,350,IF(X83>0,400,IF(Y83>0,450))))))))/1000 -> 1.62
A84: 9 | B84: 200 | C84: 150 | D84: 3500 | Q84: =C84*D84/1000000-O84 -> 0.525 | S84: =IF($B84=150,Q84-SUM(E84,G84,J84,L84,N84),0) -> 0 | T84: =IF($B84=200,Q84-SUM(E84,G84,J84,L84,N84),0) -> 0.525 | U84: =IF($B84=250,Q84-SUM(E84,G84,J84,L84,N84),0) -> 0 | V84: =IF($B84=300,Q84-SUM(E84,G84,J84,L84,N84),0) -> 0 | W84: =IF($B84=350,Q84-SUM(E84,G84,J84,L84,N84),0) -> 0 | X84: =IF($B84=400,Q84-SUM(E84,G84,J84,L84,N84),0) -> 0 | Y84: =IF($B84=700,Q84-SUM(E84,G84,J84,L84,N84),0) -> 0 | Z84: =SUM(S84:Y84)*2 -> 1.05 | AD84: =AC84*(IF(S84>0,150,IF(T84>0,200,IF(U84>0,250,IF(V84>0,300,IF(W84>0,350,IF(X84>0,400,IF(Y84>0,450))))))))/1000 -> 0
A85: 10 | B85: 200 | C85: 150 | D85: 3500 | Q85: =C85*D85/1000000-O85 -> 0.525 | S85: =IF($B85=150,Q85-SUM(E85,G85,J85,L85,N85),0) -> 0 | T85: =IF($B85=200,Q85-SUM(E85,G85,J85,L85,N85),0) -> 0.525 | U85: =IF($B85=250,Q85-SUM(E85,G85,J85,L85,N85),0) -> 0 | V85: =IF($B85=300,Q85-SUM(E85,G85,J85,L85,N85),0) -> 0 | W85: =IF($B85=350,Q85-SUM(E85,G85,J85,L85,N85),0) -> 0 | X85: =IF($B85=400,Q85-SUM(E85,G85,J85,L85,N85),0) -> 0 | Y85: =IF($B85=700,Q85-SUM(E85,G85,J85,L85,N85),0) -> 0 | Z85: =SUM(S85:Y85)*2 -> 1.05 | AD85: =AC85*(IF(S85>0,150,IF(T85>0,200,IF(U85>0,250,IF(V85>0,300,IF(W85>0,350,IF(X85>0,400,IF(Y85>0,450))))))))/1000 -> 0
A86: 11 | B86: 150 | C86: 14150 | D86: 3500 | O86: =(1.2*2.4) -> 2.88 | P86: O | Q86: =C86*D86/1000000-O86 -> 46.645 | S86: =IF($B86=150,Q86-SUM(E86,G86,J86,L86,N86),0) -> 46.645 | T86: =IF($B86=200,Q86-SUM(E86,G86,J86,L86,N86),0) -> 0 | U86: =IF($B86=250,Q86-SUM(E86,G86,J86,L86,N86),0) -> 0 | V86: =IF($B86=300,Q86-SUM(E86,G86,J86,L86,N86),0) -> 0 | W86: =IF($B86=350,Q86-SUM(E86,G86,J86,L86,N86),0) -> 0 | X86: =IF($B86=400,Q86-SUM(E86,G86,J86,L86,N86),0) -> 0 | Y86: =IF($B86=700,Q86-SUM(E86,G86,J86,L86,N86),0) -> 0 | Z86: =SUM(S86:Y86)*2 -> 93.29 | AB86: O | AC86: =(1.2+2*2.4) -> 6 | AD86: =AC86*(IF(S86>0,150,IF(T86>0,200,IF(U86>0,250,IF(V86>0,300,IF(W86>0,350,IF(X86>0,400,IF(Y86>0,450))))))))/1000 -> 0.9
A87: 12 | B87: 150 | C87: 3775 | D87: 3500 | O87: =(1.8*2.4) -> 4.32 | P87: PG | Q87: =C87*D87/1000000-O87 -> 8.8925 | S87: =IF($B87=150,Q87-SUM(E87,G87,J87,L87,N87),0) -> 8.8925 | T87: =IF($B87=200,Q87-SUM(E87,G87,J87,L87,N87),0) -> 0 | U87: =IF($B87=250,Q87-SUM(E87,G87,J87,L87,N87),0) -> 0 | V87: =IF($B87=300,Q87-SUM(E87,G87,J87,L87,N87),0) -> 0 | W87: =IF($B87=350,Q87-SUM(E87,G87,J87,L87,N87),0) -> 0 | X87: =IF($B87=400,Q87-SUM(E87,G87,J87,L87,N87),0) -> 0 | Y87: =IF($B87=700,Q87-SUM(E87,G87,J87,L87,N87),0) -> 0 | Z87: =SUM(S87:Y87)*2 -> 17.785 | AB87: PG | AC87: =(1.8+2*2.4) -> 6.6 | AD87: =AC87*(IF(S87>0,150,IF(T87>0,200,IF(U87>0,250,IF(V87>0,300,IF(W87>0,350,IF(X87>0,400,IF(Y87>0,450))))))))/1000 -> 0.99
A88: 13 | B88: 200 | C88: 4850 | D88: 3500 | O88: =(1.2*1.2) -> 1.44 | P88: J | Q88: =C88*D88/1000000-O88 -> 15.535 | S88: =IF($B88=150,Q88-SUM(E88,G88,J88,L88,N88),0) -> 0 | T88: =IF($B88=200,Q88-SUM(E88,G88,J88,L88,N88),0) -> 15.535 | U88: =IF($B88=250,Q88-SUM(E88,G88,J88,L88,N88),0) -> 0 | V88: =IF($B88=300,Q88-SUM(E88,G88,J88,L88,N88),0) -> 0 | W88: =IF($B88=350,Q88-SUM(E88,G88,J88,L88,N88),0) -> 0 | X88: =IF($B88=400,Q88-SUM(E88,G88,J88,L88,N88),0) -> 0 | Y88: =IF($B88=700,Q88-SUM(E88,G88,J88,L88,N88),0) -> 0 | Z88: =SUM(S88:Y88)*2 -> 31.07 | AB88: J | AC88: =2*(1.2+1.2) -> 4.8 | AD88: =AC88*(IF(S88>0,150,IF(T88>0,200,IF(U88>0,250,IF(V88>0,300,IF(W88>0,350,IF(X88>0,400,IF(Y88>0,450))))))))/1000 -> 0.96
A89: 14 | B89: 150 | C89: 5850 | D89: 3500 | O89: =(1.2*1.2) -> 1.44 | P89: J | Q89: =C89*D89/1000000-O89 -> 19.035 | S89: =IF($B89=150,Q89-SUM(E89,G89,J89,L89,N89),0) -> 19.035 | T89: =IF($B89=200,Q89-SUM(E89,G89,J89,L89,N89),0) -> 0 | U89: =IF($B89=250,Q89-SUM(E89,G89,J89,L89,N89),0) -> 0 | V89: =IF($B89=300,Q89-SUM(E89,G89,J89,L89,N89),0) -> 0 | W89: =IF($B89=350,Q89-SUM(E89,G89,J89,L89,N89),0) -> 0 | X89: =IF($B89=400,Q89-SUM(E89,G89,J89,L89,N89),0) -> 0 | Y89: =IF($B89=700,Q89-SUM(E89,G89,J89,L89,N89),0) -> 0 | Z89: =SUM(S89:Y89)*2 -> 38.07 | AB89: J | AC89: =2*(1.2+1.2) -> 4.8 | AD89: =AC89*(IF(S89>0,150,IF(T89>0,200,IF(U89>0,250,IF(V89>0,300,IF(W89>0,350,IF(X89>0,400,IF(Y89>0,450))))))))/1000 -> 0.72
A90: 15 | B90: 150 | C90: 10650 | D90: 3500 | O90: =(1.2*1.2) -> 1.44 | P90: J | Q90: =C90*D90/1000000-O90 -> 35.835 | S90: =IF($B90=150,Q90-SUM(E90,G90,J90,L90,N90),0) -> 35.835 | T90: =IF($B90=200,Q90-SUM(E90,G90,J90,L90,N90),0) -> 0 | U90: =IF($B90=250,Q90-SUM(E90,G90,J90,L90,N90),0) -> 0 | V90: =IF($B90=300,Q90-SUM(E90,G90,J90,L90,N90),0) -> 0 | W90: =IF($B90=350,Q90-SUM(E90,G90,J90,L90,N90),0) -> 0 | X90: =IF($B90=400,Q90-SUM(E90,G90,J90,L90,N90),0) -> 0 | Y90: =IF($B90=700,Q90-SUM(E90,G90,J90,L90,N90),0) -> 0 | Z90: =SUM(S90:Y90)*2 -> 71.67 | AB90: J | AC90: =2*(1.2+1.2) -> 4.8 | AD90: =AC90*(IF(S90>0,150,IF(T90>0,200,IF(U90>0,250,IF(V90>0,300,IF(W90>0,350,IF(X90>0,400,IF(Y90>0,450))))))))/1000 -> 0.72
A91: 16 | C91: 1100 | D91: 3500 | Q91: =C91*D91/1000000-O91 -> 3.85 | S91: =IF($B91=150,Q91-SUM(E91,G91,J91,L91,N91),0) -> 0 | T91: =IF($B91=200,Q91-SUM(E91,G91,J91,L91,N91),0) -> 0 | U91: =IF($B91=250,Q91-SUM(E91,G91,J91,L91,N91),0) -> 0 | V91: =IF($B91=300,Q91-SUM(E91,G91,J91,L91,N91),0) -> 0 | W91: =IF($B91=350,Q91-SUM(E91,G91,J91,L91,N91),0) -> 0 | X91: =IF($B91=400,Q91-SUM(E91,G91,J91,L91,N91),0) -> 0 | Y91: =IF($B91=700,Q91-SUM(E91,G91,J91,L91,N91),0) -> 0 | Z91: =SUM(S91:Y91)*2 -> 0 | AD91: =AC91*(IF(S91>0,150,IF(T91>0,200,IF(U91>0,250,IF(V91>0,300,IF(W91>0,350,IF(X91>0,400,IF(Y91>0,450))))))))/1000 -> 0
A92: 17 | C92: 1100 | D92: 3500 | Q92: =C92*D92/1000000-O92 -> 3.85 | S92: =IF($B92=150,Q92-SUM(E92,G92,J92,L92,N92),0) -> 0 | T92: =IF($B92=200,Q92-SUM(E92,G92,J92,L92,N92),0) -> 0 | U92: =IF($B92=250,Q92-SUM(E92,G92,J92,L92,N92),0) -> 0 | V92: =IF($B92=300,Q92-SUM(E92,G92,J92,L92,N92),0) -> 0 | W92: =IF($B92=350,Q92-SUM(E92,G92,J92,L92,N92),0) -> 0 | X92: =IF($B92=400,Q92-SUM(E92,G92,J92,L92,N92),0) -> 0 | Y92: =IF($B92=700,Q92-SUM(E92,G92,J92,L92,N92),0) -> 0 | Z92: =SUM(S92:Y92)*2 -> 0 | AD92: =AC92*(IF(S92>0,150,IF(T92>0,200,IF(U92>0,250,IF(V92>0,300,IF(W92>0,350,IF(X92>0,400,IF(Y92>0,450))))))))/1000 -> 0
A93: 18 | C93: 1100 | D93: 3500 | Q93: =C93*D93/1000000-O93 -> 3.85 | S93: =IF($B93=150,Q93-SUM(E93,G93,J93,L93,N93),0) -> 0 | T93: =IF($B93=200,Q93-SUM(E93,G93,J93,L93,N93),0) -> 0 | U93: =IF($B93=250,Q93-SUM(E93,G93,J93,L93,N93),0) -> 0 | V93: =IF($B93=300,Q93-SUM(E93,G93,J93,L93,N93),0) -> 0 | W93: =IF($B93=350,Q93-SUM(E93,G93,J93,L93,N93),0) -> 0 | X93: =IF($B93=400,Q93-SUM(E93,G93,J93,L93,N93),0) -> 0 | Y93: =IF($B93=700,Q93-SUM(E93,G93,J93,L93,N93),0) -> 0 | Z93: =SUM(S93:Y93)*2 -> 0 | AD93: =AC93*(IF(S93>0,150,IF(T93>0,200,IF(U93>0,250,IF(V93>0,300,IF(W93>0,350,IF(X93>0,400,IF(Y93>0,450))))))))/1000 -> 0
A94: 19 | C94: 1100 | D94: 3500 | Q94: =C94*D94/1000000-O94 -> 3.85 | S94: =IF($B94=150,Q94-SUM(E94,G94,J94,L94,N94),0) -> 0 | T94: =IF($B94=200,Q94-SUM(E94,G94,J94,L94,N94),0) -> 0 | U94: =IF($B94=250,Q94-SUM(E94,G94,J94,L94,N94),0) -> 0 | V94: =IF($B94=300,Q94-SUM(E94,G94,J94,L94,N94),0) -> 0 | W94: =IF($B94=350,Q94-SUM(E94,G94,J94,L94,N94),0) -> 0 | X94: =IF($B94=400,Q94-SUM(E94,G94,J94,L94,N94),0) -> 0 | Y94: =IF($B94=700,Q94-SUM(E94,G94,J94,L94,N94),0) -> 0 | Z94: =SUM(S94:Y94)*2 -> 0 | AD94: =AC94*(IF(S94>0,150,IF(T94>0,200,IF(U94>0,250,IF(V94>0,300,IF(W94>0,350,IF(X94>0,400,IF(Y94>0,450))))))))/1000 -> 0
A95: 20 | C95: 1100 | D95: 3500 | Q95: =C95*D95/1000000-O95 -> 3.85 | S95: =IF($B95=150,Q95-SUM(E95,G95,J95,L95,N95),0) -> 0 | T95: =IF($B95=200,Q95-SUM(E95,G95,J95,L95,N95),0) -> 0 | U95: =IF($B95=250,Q95-SUM(E95,G95,J95,L95,N95),0) -> 0 | V95: =IF($B95=300,Q95-SUM(E95,G95,J95,L95,N95),0) -> 0 | W95: =IF($B95=350,Q95-SUM(E95,G95,J95,L95,N95),0) -> 0 | X95: =IF($B95=400,Q95-SUM(E95,G95,J95,L95,N95),0) -> 0 | Y95: =IF($B95=700,Q95-SUM(E95,G95,J95,L95,N95),0) -> 0 | Z95: =SUM(S95:Y95)*2 -> 0 | AD95: =AC95*(IF(S95>0,150,IF(T95>0,200,IF(U95>0,250,IF(V95>0,300,IF(W95>0,350,IF(X95>0,400,IF(Y95>0,450))))))))/1000 -> 0
A96: 21 | C96: 1100 | D96: 3500 | Q96: =C96*D96/1000000-O96 -> 3.85 | S96: =IF($B96=150,Q96-SUM(E96,G96,J96,L96,N96),0) -> 0 | T96: =IF($B96=200,Q96-SUM(E96,G96,J96,L96,N96),0) -> 0 | U96: =IF($B96=250,Q96-SUM(E96,G96,J96,L96,N96),0) -> 0 | V96: =IF($B96=300,Q96-SUM(E96,G96,J96,L96,N96),0) -> 0 | W96: =IF($B96=350,Q96-SUM(E96,G96,J96,L96,N96),0) -> 0 | X96: =IF($B96=400,Q96-SUM(E96,G96,J96,L96,N96),0) -> 0 | Y96: =IF($B96=700,Q96-SUM(E96,G96,J96,L96,N96),0) -> 0 | Z96: =SUM(S96:Y96)*2 -> 0 | AD96: =AC96*(IF(S96>0,150,IF(T96>0,200,IF(U96>0,250,IF(V96>0,300,IF(W96>0,350,IF(X96>0,400,IF(Y96>0,450))))))))/1000 -> 0
A97: 22 | C97: 1100 | D97: 3500 | Q97: =C97*D97/1000000-O97 -> 3.85 | S97: =IF($B97=150,Q97-SUM(E97,G97,J97,L97,N97),0) -> 0 | T97: =IF($B97=200,Q97-SUM(E97,G97,J97,L97,N97),0) -> 0 | U97: =IF($B97=250,Q97-SUM(E97,G97,J97,L97,N97),0) -> 0 | V97: =IF($B97=300,Q97-SUM(E97,G97,J97,L97,N97),0) -> 0 | W97: =IF($B97=350,Q97-SUM(E97,G97,J97,L97,N97),0) -> 0 | X97: =IF($B97=400,Q97-SUM(E97,G97,J97,L97,N97),0) -> 0 | Y97: =IF($B97=700,Q97-SUM(E97,G97,J97,L97,N97),0) -> 0 | Z97: =SUM(S97:Y97)*2 -> 0 | AD97: =AC97*(IF(S97>0,150,IF(T97>0,200,IF(U97>0,250,IF(V97>0,300,IF(W97>0,350,IF(X97>0,400,IF(Y97>0,450))))))))/1000 -> 0
A98: 23 | C98: 1100 | D98: 3500 | Q98: =C98*D98/1000000-O98 -> 3.85 | S98: =IF($B98=150,Q98-SUM(E98,G98,J98,L98,N98),0) -> 0 | T98: =IF($B98=200,Q98-SUM(E98,G98,J98,L98,N98),0) -> 0 | U98: =IF($B98=250,Q98-SUM(E98,G98,J98,L98,N98),0) -> 0 | V98: =IF($B98=300,Q98-SUM(E98,G98,J98,L98,N98),0) -> 0 | W98: =IF($B98=350,Q98-SUM(E98,G98,J98,L98,N98),0) -> 0 | X98: =IF($B98=400,Q98-SUM(E98,G98,J98,L98,N98),0) -> 0 | Y98: =IF($B98=700,Q98-SUM(E98,G98,J98,L98,N98),0) -> 0 | Z98: =SUM(S98:Y98)*2 -> 0 | AD98: =AC98*(IF(S98>0,150,IF(T98>0,200,IF(U98>0,250,IF(V98>0,300,IF(W98>0,350,IF(X98>0,400,IF(Y98>0,450))))))))/1000 -> 0
A99: 24 | C99: 1100 | D99: 3500 | Q99: =C99*D99/1000000-O99 -> 3.85 | S99: =IF($B99=150,Q99-SUM(E99,G99,J99,L99,N99),0) -> 0 | T99: =IF($B99=200,Q99-SUM(E99,G99,J99,L99,N99),0) -> 0 | U99: =IF($B99=250,Q99-SUM(E99,G99,J99,L99,N99),0) -> 0 | V99: =IF($B99=300,Q99-SUM(E99,G99,J99,L99,N99),0) -> 0 | W99: =IF($B99=350,Q99-SUM(E99,G99,J99,L99,N99),0) -> 0 | X99: =IF($B99=400,Q99-SUM(E99,G99,J99,L99,N99),0) -> 0 | Y99: =IF($B99=700,Q99-SUM(E99,G99,J99,L99,N99),0) -> 0 | Z99: =SUM(S99:Y99)*2 -> 0 | AD99: =AC99*(IF(S99>0,150,IF(T99>0,200,IF(U99>0,250,IF(V99>0,300,IF(W99>0,350,IF(X99>0,400,IF(Y99>0,450))))))))/1000 -> 0
A100: 25 | C100: 1100 | D100: 3500 | Q100: =C100*D100/1000000-O100 -> 3.85 | S100: =IF($B100=150,Q100-SUM(E100,G100,J100,L100,N100),0) -> 0 | T100: =IF($B100=200,Q100-SUM(E100,G100,J100,L100,N100),0) -> 0 | U100: =IF($B100=250,Q100-SUM(E100,G100,J100,L100,N100),0) -> 0 | V100: =IF($B100=300,Q100-SUM(E100,G100,J100,L100,N100),0) -> 0 | W100: =IF($B100=350,Q100-SUM(E100,G100,J100,L100,N100),0) -> 0 | X100: =IF($B100=400,Q100-SUM(E100,G100,J100,L100,N100),0) -> 0 | Y100: =IF($B100=700,Q100-SUM(E100,G100,J100,L100,N100),0) -> 0 | Z100: =SUM(S100:Y100)*2 -> 0 | AD100: =AC100*(IF(S100>0,150,IF(T100>0,200,IF(U100>0,250,IF(V100>0,300,IF(W100>0,350,IF(X100>0,400,IF(Y100>0,450))))))))/1000 -> 0
A101: 26 | B101: 150 | C101: 10580 | D101: 2000 | Q101: =C101*D101/1000000-O101 -> 21.16 | S101: =IF($B101=150,Q101-SUM(E101,G101,J101,L101,N101),0) -> 21.16 | T101: =IF($B101=200,Q101-SUM(E101,G101,J101,L101,N101),0) -> 0 | U101: =IF($B101=250,Q101-SUM(E101,G101,J101,L101,N101),0) -> 0 | V101: =IF($B101=300,Q101-SUM(E101,G101,J101,L101,N101),0) -> 0 | W101: =IF($B101=350,Q101-SUM(E101,G101,J101,L101,N101),0) -> 0 | X101: =IF($B101=400,Q101-SUM(E101,G101,J101,L101,N101),0) -> 0 | Y101: =IF($B101=700,Q101-SUM(E101,G101,J101,L101,N101),0) -> 0 | Z101: =SUM(S101:Y101)*2 -> 42.32 | AD101: =AC101*(IF(S101>0,150,IF(T101>0,200,IF(U101>0,250,IF(V101>0,300,IF(W101>0,350,IF(X101>0,400,IF(Y101>0,450))))))))/1000 -> 0
...

Sheet PROSES BAJA
A2: PROJECT | D2: : PAKUWON INDAH AH1 27
A3: LOCATION | G3: 0.006165
A4: SUBJECT TO MEASUREMENT | D4: : PEKERJAAN STRUKTUR BAJA
A5: DATE OF MEASUREMENT
A6: MEASURE BY | B6: KK1 | D6: : JULIUS
A7: AREA | B7: KK2
B8: Gording | P8: Ref :
A9: NO | B9: Lantai | D9: PROFIL | E9: ITEM MATERIAL | F9: KETERANGAN | G9: koef | H9: kg/(m'/m2) | I9: DIMENSI (mm) | L9: Σ /titik | M9: Σ layer | N9: Σ TIPIKAL | O9: QTY | P9: TOTAL VOL
G10: berat | I10: P | J10: L | K10: T | P10: Kg | Q10: m' | R10: m3 | S10: Buah
A12: RANGKA ATAP UTAMA
B14: Atap Baja | D14: WF.150.75 | E14: =VLOOKUP(D14,'DATA BAJA'!$B$5:$D$27,2,FALSE) -> WF 150x75x5x7 | F14: BALOK BAJA | G14: 1 | H14: =VLOOKUP(D14,'DATA BAJA'!$B$5:$D$27,3,FALSE)*G14 -> 14 | I14: =(3655+2600+3655+2585+2565+3675+2575+3655+2600+2600+3655+2570+2680+2570+2680+2570+3785+2670+2670+3760+3760+2730+3730)*1.2 -> 83994 | L14: 1 | M14: 1 | N14: 1 | O14: =L14*M14*N14 -> 1 | P14: =H14*I14/1000*O14 -> 1175.916
B15: Atap Baja | D15: WF.200.100 | E15: =VLOOKUP(D15,'DATA BAJA'!$B$5:$D$27,2,FALSE) -> WF 200x100x5,5x8 | F15: BALOK LIFT | G15: 1 | H15: =VLOOKUP(D15,'DATA BAJA'!$B$5:$D$27,3,FALSE)*G15 -> 21.33 | I15: =2200 -> 2200 | L15: 1 | M15: 4 | N15: 6 | P15: =H15*I15/1000*O15 -> 0
B16: Atap Baja | D16: CNP.150 | E16: =VLOOKUP(D16,'DATA BAJA'!$B$5:$D$27,2,FALSE) -> CNP 150x65x20x2,3 | F16: GORDING | G16: 1 | H16: =VLOOKUP(D16,'DATA BAJA'!$B$5:$D$27,3,FALSE)*G16 -> 5.5 | I16: =32550+38550+44550+50550 -> 166200 | L16: 1 | M16: 1 | N16: 1 | O16: =L16*M16*N16 -> 1 | P16: =H16*I16/1000*O16 -> 914.1
B17: Atap Baja | D17: 2D16 | E17: =VLOOKUP(D17,'DATA BAJA'!$B$5:$D$27,2,FALSE) -> #N/A | F17: DETAIL ANGKUR | G17: 1 | H17: =0.006165*16^2 -> 1.57824 | I17: 400 | L17: 22 | M17: 4 | N17: 1 | O17: =L17*M17*N17 -> 88 | S17: =O17 -> 88
O20: TOTAL | P20: =SUM(P11:P18) -> 2090.016 | Q20: kg
O21: LUAS | Q21: m2
D22: REKAPITULASI VOLUME | O22: RASIO | P22: =P20/P21 -> #DIV/0! | Q22: kg/m2
D24: =A12 -> RANGKA ATAP UTAMA | F24: kg | G24: m' | H24: bh
D25: WF.150.75 | E25: =VLOOKUP(D25,'DATA BAJA'!$B$5:$D$27,2,FALSE) -> WF 150x75x5x7 | F25: =SUMIF($D$13:$D$18,D25,$P$13:$P$18) -> 1175.916 | G25: =SUMIF($D$13:$D$18,D25,$Q$13:$Q$18) -> 0 | H25: =SUMIF($D$13:$D$18,D25,$S$13:$S$18) -> 0
D26: WF.200.100 | E26: =VLOOKUP(D26,'DATA BAJA'!$B$5:$D$27,2,FALSE) -> WF 200x100x5,5x8 | F26: =SUMIF($D$13:$D$18,D26,$P$13:$P$18) -> 0 | G26: =SUMIF($D$13:$D$18,D26,$Q$13:$Q$18) -> 0 | H26: =SUMIF($D$13:$D$18,D26,$S$13:$S$18) -> 0
D27: CNP.150 | E27: =VLOOKUP(D27,'DATA BAJA'!$B$5:$D$27,2,FALSE) -> CNP 150x65x20x2,3 | F27: =SUMIF($D$13:$D$18,D27,$P$13:$P$18) -> 914.1 | G27: =SUMIF($D$13:$D$18,D27,$Q$13:$Q$18) -> 0 | H27: =SUMIF($D$13:$D$18,D27,$S$13:$S$18) -> 0
D28: 2D16 | E28: =VLOOKUP(D28,'DATA BAJA'!$B$5:$D$27,2,FALSE) -> #N/A | F28: =SUMIF($D$13:$D$18,D28,$P$13:$P$18) -> 0 | G28: =SUMIF($D$13:$D$18,D28,$Q$13:$Q$18) -> 0 | H28: =SUMIF($D$13:$D$18,D28,$S$13:$S$18) -> 88
D29: SUBTOTAL | F29: =SUM(F25:F28) -> 2090.016 | G29: =SUM(G28:G28) -> 0 | H29: =SUM(H28:H28) -> 88
E30: TOTAL | F30: =SUM(F24:F29)/2 -> 2090.016
E31: cek | F31: =SUM(F24:F29)/2-SUM(P12:P18) -> 0 | G31: =SUM(G24:G29)/2-SUM(Q12:Q18) -> 0 | H31: =SUM(H24:H29)/2-SUM(S12:S18) -> 0

Sheet DATA BAJA
B4: NAMA | C4: TYPE | D4: BERAT
B6: WF.150.75 | C6: WF 150x75x5x7 | D6: =VLOOKUP(C6,'TABEL BAJA'!$C$8:$Q$906,13,FALSE) -> 14
B7: WF.250.125 | C7: WF 250x125x6x9 | D7: =VLOOKUP(C7,'TABEL BAJA'!$C$8:$Q$906,13,FALSE) -> 29.6
B8: WF.200.100 | C8: WF 200x100x5,5x8 | D8: =VLOOKUP(C8,'TABEL BAJA'!$C$8:$Q$906,13,FALSE) -> 21.33
B10: PL.6 | C10: PL 6 | D10: =VLOOKUP(C10,'TABEL BAJA'!$C$8:$Q$906,13,FALSE) -> 48.611111
B11: PL.8 | C11: PL 8 | D11: =VLOOKUP(C11,'TABEL BAJA'!$C$8:$Q$906,13,FALSE) -> 64.930556
B12: PL.10 | C12: PL 10 | D12: =VLOOKUP(C12,'TABEL BAJA'!$C$8:$Q$906,13,FALSE) -> 81.006944
B13: PL.12 | C13: PL 12 | D13: =VLOOKUP(C13,'TABEL BAJA'!$C$8:$Q$906,13,FALSE) -> 97.222222
B14: PL.14 | C14: PL 14 | D14: =VLOOKUP(C14,'TABEL BAJA'!$C$8:$Q$906,13,FALSE) -> 113.42593
B15: PL.16 | C15: PL 16 | D15: =VLOOKUP(C15,'TABEL BAJA'!$C$8:$Q$906,13,FALSE) -> 129.51389
B16: PL.25 | C16: PL 25 | D16: =VLOOKUP(C16,'TABEL BAJA'!$C$8:$Q$906,13,FALSE) -> 202.43056
B18: HL.95.45 | C18: HL 100x50x3,2 | D18: =VLOOKUP(C18,'TABEL BAJA'!$C$8:$Q$906,13,FALSE) -> 7.01
B19: HL.40.40 | C19: HL 40X40X3,2 | D19: =VLOOKUP(C19,'TABEL BAJA'!$C$8:$Q$906,13,FALSE) -> 3.8
... B25: CNP.150 | C25: CNP 150x65x20x2,3 | D25: =VLOOKUP(C25,'TABEL BAJA'!$C$8:$Q$906,13,FALSE) -> 5.5
J86: =136+152 -> 288 | K86: 150 | P86: =H86*K86*O86*J86/1000000 -> 0
J91: =136+136+136+116+541+534+136+136+136+171 -> 2178 | K91: 150 | P91: =H91*K91*O91*J91/1000000 -> 0
J92: 200 | K92: 150 | P92: =H92*K92*O92*J92/1000000 -> 0
J94: =136+136 -> 272 | K94: 150 | P94: =H94*K94*O94*J94/1000000 -> 0
J95: =264+300 -> 564 | K95: 150 | P95: =H95*K95*O95*J95/1000000 -> 0
J104: =100*5+264+114*2+112*2+170 -> 1386 | K104: 300 | P104: =H104*K104*O104*J104/1000000 -> 0
J118: =136+152 -> 288 | K118: 150 | P118: =H118*K118*O118*J118/1000000 -> 0
J122: =136+136+136+116+541+534+136+136+136+171 -> 2178 | K122: 150 | P122: =H122*K122*O122*J122/1000000 -> 0
J123: 200 | K123: 150 | P123: =H123*K123*O123*J123/1000000 -> 0
J125: =136 -> 136 | K125: 150 | P125: =H125*K125*O125*J125/1000000 -> 0
J126: =264+300 -> 564 | K126: 150 | P126: =H126*K126*O126*J126/1000000 -> 0
J127: =100*5+264+114*2+112*2+170 -> 1386 | K127: 300 | P127: =H127*K127*O127*J127/1000000 -> 0
J134: =136+136+136+116+541+534+136+136+136+171 -> 2178 | K134: 150 | P134: =H134*K134*O134*J134/1000000 -> 0
J135: 200 | K135: 150 | P135: =H135*K135*O135*J135/1000000 -> 0
J137: =136+136 -> 272 | K137: 150 | P137: =H137*K137*O137*J137/1000000 -> 0
J138: =264+300 -> 564 | K138: 150 | P138: =H138*K138*O138*J138/1000000 -> 0
J149: =136+136+136+116+541+534+136+136+136+171 -> 2178 | K149: 150 | P149: =H149*K149*O149*J149/1000000 -> 0
J150: 200 | K150: 150 | P150: =H150*K150*O150*J150/1000000 -> 0
J152: =136+136+75+128 -> 475 | K152: 150 | P152: =H152*K152*O152*J152/1000000 -> 0
J153: 300 | K153: 150 | P153: =H153*K153*O153*J153/1000000 -> 0
J158: =136+136+136+116+541+534+136+136+136+171 -> 2178 | K158: 150 | P158: =H158*K158*O158*J158/1000000 -> 0
J159: 200 | K159: 150 | P159: =H159*K159*O159*J159/1000000 -> 0
J161: =136+136 -> 272 | K161: 150 | P161: =H161*K161*O161*J161/1000000 -> 0
J162: =264+300 -> 564 | K162: 150 | P162: =H162*K162*O162*J162/1000000 -> 0
J167: =136+136+136+116+541+534+136+136+136+171 -> 2178 | K167: 150 | P167: =H167*K167*O167*J167/1000000 -> 0
J168: 200 | K168: 150 | P168: =H168*K168*O168*J168/1000000 -> 0
J174: =136+136+136+116+541+534+136+136+136+171 -> 2178 | K174: 150 | P174: =H174*K174*O174*J174/1000000 -> 0
J175: 200 | K175: 150 | P175: =H175*K175*O175*J175/1000000 -> 0
P219: =H219*(0.25*22/7*I219^2)*O219/1000000 -> 0
P220: =H220*(0.25*22/7*I220^2)*O220/1000000 -> 0
P222: =H222*(0.25*22/7*I222^2)*O222/1000000 -> 0
P224: =H224*(0.25*22/7*I224^2)*O224/1000000 -> 0
P226: =H226*(0.25*22/7*I226^2)*O226/1000000 -> 0
P228: =H228*(0.25*22/7*I228^2)*O228/1000000 -> 0
P230: =H230*(0.25*22/7*I230^2)*O230/1000000 -> 0
P232: =H232*(0.25*22/7*I232^2)*O232/1000000 -> 0
P234: =H234*(0.25*22/7*I234^2)*O234/1000000 -> 0
P239: =P237/P238 -> #DIV/0!
F382: =SUM(F356:F381) -> 0

Sheet TABEL BAJA
B2: KATALOG BAJA KONSTRUKSI
B4: Produk | C4: Profil | D4: Produsen | E4: Suplayer | F4: Ex | G4: Stok | H4: Ukuran | I4: Berat | J4: Ukuran | O4: Berat | P4: Luas | Q4: Catatan
H5: /unit | I5: /unit | J5: A | K5: B | L5: C | M5: D | N5: E | O5: /m atau /m2 | P5: /m atau /m2
H6: m atau m2 | I6: kg | J6: mm | K6: mm | L6: mm | M6: mm | N6: mm | O6: kg | P6: m2
B7: 1 | C7: =1+B7 -> 2 | D7: =1+C7 -> 3 | E7: =1+D7 -> 4 | F7: =1+E7 -> 5 | G7: =1+F7 -> 6 | H7: =1+G7 -> 7 | I7: =1+H7 -> 8 | J7: =1+I7 -> 9 | ... Q7: =1+P7 -> 16
B8: Wide Flange (WF) | C8: WF 150x50x5x7 | E8: SHC | H8: 12 | I8: 112 | J8: 100 | K8: 50 | L8: 5 | M8: 7 | O8: =I8/H8 -> 9.3333333 | P8: =((J8-2*M8)+(2*K8-L8))*2/1000 -> 0.362
C9: WF 100x59x4x7 | E9: SGJ | F9: Japan | H9: 12 | I9: 112 | J9: 100 | K9: 59 | L9: 4 | M9: 7 | O9: =I9/H9 -> 9.3333333 | P9: =((J9-2*M9)+(2*K9-L9))*2/1000 -> 0.4
C10: WF 100x100x6x8 | D10: GG | E10: SGJ, SHC | H10: 12 | I10: =O10*H10 -> 206.4 | J10: 100 | K10: 100 | L10: 6 | M10: 8 | O10: 17.2 | P10: =((J10-2*M10)+(2*K10-L10))*2/1000 -> 0.556
C11: WF 125x60x6x8 | E11: SHC | F11: Japan | H11: 12 | I11: 158.4 | J11: 125 | K11: 60 | L11: 6 | M11: 8 | O11: =I11/H11 -> 13.2 | P11: =((J11-2*M11)+(2*K11-L11))*2/1000 -> 0.446
C12: WF 125x125x5x7 | E12: SGJ, SHC | H12: 12 | I12: 222 | J12: 125 | K12: 125 | L12: 5 | M12: 7 | O12: =I12/H12 -> 18.5 | P12: =((J12-2*M12)+(2*K12-L12))*2/1000 -> 0.712
C13: WF 125x125x6,5x9 | D13: GG | E13: SGJ | H13: 12 | I13: 286 | J13: 125 | K13: 125 | L13: 6.5 | M13: 9 | O13: =I13/H13 -> 23.833333 | P13: =((J13-2*M13)+(2*K13-L13))*2/1000 -> 0.701
C14: WF 148x100x6x9 | E14: SGJ | F14: Japan | H14: 12 | I14: 253.2 | J14: 148 | K14: 100 | L14: 6 | M14: 9 | O14: =I14/H14 -> 21.1 | P14: =((J14-2*M14)+(2*K14-L14))*2/1000 -> 0.648
C15: WF 150x75x5x7 | D15: GG | E15: SGJ, SHC | F15: Japan | H15: 12 | I15: =O15*H15 -> 168 | J15: 150 | K15: 75 | L15: 5 | M15: 7 | O15: 14 | P15: =((J15-2*M15)+(2*K15-L15))*2/1000 -> 0.562
C16: WF 150x100x6x9 | D16: GG | H16: 12 | I16: =O16*H16 -> 253.2 | J16: 150 | K16: 100 | L16: 6 | M16: 9 | O16: 21.1 | P16: =((J16-2*M16)+(2*K16-L16))*2/1000 -> 0.652
C17: WF 150x150x7x10 | D17: GG | E17: SGJ, SHC | H17: 12 | I17: =O17*H17 -> 378 | J17: 150 | K17: 150 | L17: 7 | M17: 10 | O17: 31.5 | P17: =((J17-2*M17)+(2*K17-L17))*2/1000 -> 0.846
C18: WF 175x90x5x8 | E18: SGJ, SHC | F18: Japan | H18: 12 | I18: 217.2 | J18: 175 | K18: 90 | L18: 5 | M18: 8 | O18: =I18/H18 -> 18.1 | P18: =((J18-2*M18)+(2*K18-L18))*2/1000 -> 0.668
C19: WF 175x175x7,5x11 | D19: GG | E19: SGJ, SHC | H19: 12 | I19: =O19*H19 -> 482.4 | J19: 175 | K19: 175 | L19: 7.5 | M19: 11 | O19: 40.2 | P19: =((J19-2*M19)+(2*K19-L19))*2/1000 -> 0.991
C20: WF 198x99x4,5x7 | D20: GG | E20: SHC | H20: 12 | I20: =O20*H20 -> 218.4 | J20: 198 | K20: 99 | L20: 4.5 | M20: 7 | O20: 18.2 | P20: =((J20-2*M20)+(2*K20-L20))*2/1000 -> 0.755
C21: WF 200x100x3,2x4,5 | E21: SGJ | F21: Japan | H21: 12 | I21: 143 | J21: 200 | K21: 100 | L21: 3.2 | M21: 4.5 | O21: =I21/H21 -> 11.916667 | P21: =((J21-2*M21)+(2*K21-L21))*2/1000 -> 0.7756
C22: WF 200x100x5,5x8 | D22: GG | E22: SGJ, SHC | F22: Japan | H22: 12 | I22: =O22*H22 -> 255.96 | J22: 200 | K22: 100 | L22: 5.5 | M22: 8 | O22: 21.33 | P22: =((J22-2*M22)+(2*K22-L22))*2/1000 -> 0.757
C23: WF 200x200x8x12 | D23: GG | E23: SGJ, SHC | H23: 12 | I23: 599 | J23: 200 | K23: 200 | L23: 8 | M23: 12 | O23: =I23/H23 -> 49.916667 | P23: =((J23-2*M23)+(2*K23-L23))*2/1000 -> 1.136
C24: WF 248x124x5x8 | D24: GG | E24: SGJ, SHC | F24: Japan | H24: 12 | I24: =O24*H24 -> 308.4 | J24: 248 | K24: 124 | L24: 5 | M24: 8 | O24: 25.7 | P24: =((J24-2*M24)+(2*K24-L24))*2/1000 -> 0.95
C25: WF 250x125x6x9 | D25: GG | E25: SGJ, SHC | F25: Japan | H25: 12 | I25: =O25*H25 -> 355.2 | J25: 250 | K25: 125 | L25: 6 | M25: 9 | O25: 29.6 | P25: =((J25-2*M25)+(2*K25-L25))*2/1000 -> 0.952
C26: WF 250x250x9x14 | D26: GG | E26: SGJ, SHC | H26: 12 | I26: 869 | J26: 250 | K26: 250 | L26: 9 | M26: 14 | O26: =I26/H26 -> 72.416667 | P26: =((J26-2*M26)+(2*K26-L26))*2/1000 -> 1.426
C27: WF 298x149x5,5x8 | D27: GG | E27: SGJ, SHC | F27: Japan | H27: 12 | I27: =O27*H27 -> 384 | J27: 298 | K27: 149 | L27: 5.5 | M27: 8 | O27: 32 | P27: =((J27-2*M27)+(2*K27-L27))*2/1000 -> 1.149
C28: WF 300x150x6,5x9 | D28: GG | E28: SGJ, SHC | F28: Japan | H28: 12 | I28: =O28*H28 -> 440.4 | J28: 200 | K28: 150 | L28: 6.5 | M28: 9 | O28: 36.7 | P28: =((J28-2*M28)+(2*K28-L28))*2/1000 -> 0.951
C29: WF 300x300x10x15 | D29: GG | E29: SGJ, SHC | H29: 12 | I29: =O29*H29 -> 1128 | J29: 300 | K29: 300 | L29: 10 | M29: 15 | O29: 94 | P29: =((J29-2*M29)+(2*K29-L29))*2/1000 -> 1.72
C30: WF 346x174x6x9 | D30: GG | E30: SGJ, SHC | F30: Japan | H30: 12 | I30: 497 | J30: 346 | K30: 174 | L30: 6 | M30: 9 | O30: =I30/H30 -> 41.416667 | P30: =((J30-2*M30)+(2*K30-L30))*2/1000 -> 1.34
C31: WF 350x175x7x11 | D31: GG | E31: SGJ, SHC | F31: Japan | H31: 12 | J31: =100*5+264+114*2+112*2+170 -> 1386 | K31: 300 | L31: 7 | M31: 11 | O31: 49.6 | P31: =H31*K31*O31*J31/1000000 -> 247.48416
C32: WF 350x350x12x19 | D32: GG | E32: SGJ, SHC | H32: 12 | I32: =O32*H32 -> 1644 | J32: 350 | K32: 350 | L32: 12 | M32: 19 | O32: 137 | P32: =((J32-2*M32)+(2*K32-L32))*2/1000 -> 2
C33: WF 396x199x7x11 | D33: GG | E33: SGJ, SHC | F33: Japan | H33: 12 | I33: 679.5 | J33: 396 | K33: 199 | L33: 7 | M33: 11 | O33: =I33/H33 -> 56.625 | P33: =((J33-2*M33)+(2*K33-L33))*2/1000 -> 1.53
C34: WF 400x200x8x13 | D34: GG | E34: SGJ, SHC | F34: Japan | H34: 12 | I34: =O34*H34 -> 792 | J34: 400 | K34: 200 | L34: 8 | M34: 13 | O34: 66 | P34: =((J34-2*M34)+(2*K34-L34))*2/1000 -> 1.532
C35: WF 400x400x13x21 | D35: GG | E35: SGJ, SHC | F35: Import | H35: 12 | I35: =O35*H35 -> 2064 | J35: 400 | K35: 400 | L35: 13 | M35: 21 | O35: 172 | P35: =((J35-2*M35)+(2*K35-L35))*2/1000 -> 2.29
C36: WF 446x199x8x12 | E36: SGJ, SHC | F36: Japan | H36: 12 | I36: 794.4 | J36: 446 | K36: 199 | L36: 8 | M36: 12 | O36: =I36/H36 -> 66.2 | P36: =((J36-2*M36)+(2*K36-L36))*2/1000 -> 1.624
C37: WF 450x200x9x14 | D37: GG | E37: SGJ, SHC | F37: Japan | H37: 12 | I37: =O37*H37 -> 912 | J37: 450 | K37: 200 | L37: 9 | M37: 14 | O37: 76 | P37: =((J37-2*M37)+(2*K37-L37))*2/1000 -> 1.626
C38: WF 496x199x9x14 | E38: SHC | H38: 12 | I38: 954 | J38: 496 | K38: 199 | L38: 9 | M38: 14 | O38: =I38/H38 -> 79.5 | P38: =((J38-2*M38)+(2*K38-L38))*2/1000 -> 1.714
C39: WF 500x200x10x16 | D39: GG | E39: SGJ, SHC | F39: Japan | H39: 12 | I39: =O39*H39 -> 1075.2 | J39: 500 | K39: 200 | L39: 10 | M39: 16 | O39: 89.6 | P39: =((J39-2*M39)+(2*K39-L39))*2/1000 -> 1.716
C40: WF 588x300x12x20 | D40: GG | E40: SGJ, SHC | F40: Japan | H40: 12 | I40: =O40*H40 -> 1812 | J40: 588 | K40: 300 | L40: 12 | M40: 20 | O40: 151 | P40: =((J40-2*M40)+(2*K40-L40))*2/1000 -> 2.272
C41: WF 600x200x11x17 | D41: GG | E41: SGJ, SHC | F41: Japan | H41: 12 | I41: =O41*H41 -> 1272 | J41: 600 | K41: 200 | L41: 11 | M41: 17 | O41: 106 | P41: =((J41-2*M41)+(2*K41-L41))*2/1000 -> 1.91
C42: WF 692x300x13x20 | E42: SHC | H42: 12 | I42: 1992 | J42: 692 | K42: 300 | L42: 13 | M42: 20 | O42: =I42/H42 -> 166 | P42: =((J42-2*M42)+(2*K42-L42))*2/1000 -> 2.478
C43: WF 700x300x13x24 | D43: GG | E43: SGJ, SHC | F43: Japan | H43: 12 | I43: =O43*H43 -> 2220 | J43: 700 | K43: 300 | L43: 13 | M43: 24 | O43: 185 | P43: =((J43-2*M43)+(2*K43-L43))*2/1000 -> 2.478
C44: WF 800x300x14x26 | D44: GG | E44: SGJ, SHC | F44: Japan | H44: 12 | I44: =O44*H44 -> 2520 | J44: 800 | K44: 300 | L44: 14 | M44: 26 | O44: 210 | P44: =((J44-2*M44)+(2*K44-L44))*2/1000 -> 2.668
B45: Wide Flange (WF) | C45: WF 6"x6" 15,5 lbs | E45: SGJ | F45: Japan | H45: 12 | I45: 277 | J45: 152 | K45: 152 | L45: 6 | O45: =I45/H45 -> 23.083333 | P45: =((J45-2*M45)+(2*K45-L45))*2/1000 -> 0.9
C46: WF 8"x5 1/4" 17 lbs | E46: SGJ | F46: Japan | H46: 12 | I46: 304 | J46: 203 | K46: 133 | L46: 5.84 | M46: 7.82 | O46: =I46/H46 -> 25.333333 | P46: =((J46-2*M46)+(2*K46-L46))*2/1000 -> 0.89504
C47: WF 8"x8" 31 lbs | E47: SGJ | F47: Japan | H47: 12 | I47: 556 | J47: 203 | K47: 203 | L47: 7.32 | M47: 11 | O47: =I47/H47 -> 46.333333 | P47: =((J47-2*M47)+(2*K47-L47))*2/1000 -> 1.15936
C48: WF 8"x8" 35 lbs | E48: SGJ | F48: Japan | H48: 12 | I48: 625 | J48: 204 | K48: 206 | L48: 8 | M48: 12.52 | O48: =I48/H48 -> 52.083333 | P48: =((J48-2*M48)+(2*K48-L48))*2/1000 -> 1.16592
C49: WF 10"x4" 17 lbs | E49: SGJ | F49: Japan | H49: 12 | I49: 304 | J49: 257 | K49: 102 | L49: 6.1 | M49: 8.36 | O49: =I49/H49 -> 25.333333 | P49: =((J49-2*M49)+(2*K49-L49))*2/1000 -> 0.87636
C50: WF 10"x5 3/4" 21 lbs | E50: SGJ | F50: Japan | H50: 12 | I50: 375 | J50: 251 | K50: 146 | L50: 6.1 | M50: 8.64 | O50: =I50/H50 -> 31.25 | P50: =((J50-2*M50)+(2*K50-L50))*2/1000 -> 1.03924
C51: WF 10"x5 3/4" 25 lbs | E51: SGJ | F51: Japan | H51: 12 | I51: 446 | J51: 256 | K51: 146 | L51: 6.4 | M51: 10.92 | O51: =I51/H51 -> 37.166667 | P51: =((J51-2*M51)+(2*K51-L51))*2/1000 -> 1.03952
C52: WF 10"x10" 42 lbs | E52: SGJ | F52: Japan | H52: 12 | I52: 750 | J52: 247 | K52: 256 | L52: 10.62 | M52: 10.62 | O52: =I52/H52 -> 62.5 | P52: =((J52-2*M52)+(2*K52-L52))*2/1000 -> 1.45428
C53: WF 10"x10" 49 lbs | E53: SGJ | F53: Japan | H53: 12 | I53: 875 | J53: 254 | K53: 254 | L53: 8.64 | M53: 14.17 | O53: =I53/H53 -> 72.916667 | P53: =((J53-2*M53)+(2*K53-L53))*2/1000 -> 1.45004
C54: WF 12"x6 1/2" 27 lbs | E54: SGJ | F54: Japan | H54: 12 | I54: 482 | J54: 304 | K54: 105 | L54: 6.1 | M54: 10.16 | O54: =I54/H54 -> 40.166667 | P54: =((J54-2*M54)+(2*K54-L54))*2/1000 -> 0.97516
C55: WF 12"x6 1/2" 31 lbs | E55: SGJ | F55: Japan | H55: 12 | I55: 554 | J55: 307 | K55: 116 | L55: 6.73 | M55: 11.81 | O55: =I55/H55 -> 46.166667 | P55: =((J55-2*M55)+(2*K55-L55))*2/1000 -> 1.0173
C56: WF 12"x12" 53 lbs | E56: SGJ | F56: Japan | H56: 12 | I56: 947 | J56: 299 | K56: 306 | L56: 11.07 | M56: 11.07 | O56: =I56/H56 -> 78.916667 | P56: =((J56-2*M56)+(2*K56-L56))*2/1000 -> 1.75558
C57: WF 12"x12" 65 lbs | E57: SGJ | F57: Japan | H57: 12 | I57: 1161 | J57: 308 | K57: 305 | L57: 9.91 | M57: 15.39 | O57: =I57/H57 -> 96.75 | P57: =((J57-2*M57)+(2*K57-L57))*2/1000 -> 1.75462
... C63: WF 18"x7 1/2" 45 lbs | E63: SGJ | F63: Japan | H63: 12 | I63: 804 | J63: 454 | K63: 190 | L63: 8.51 | M63: 12.67 | O63: =I63/H63 -> 67 | P63: =((J63-2*M63)+(2*K63-L63))*2/1000 -> 1.6003
B64: IPE | C64: IPE 80x46x3,8x5,2 | E64: SHC | F64: German | H64: 12 | I64: 72 | J64: 80 | K64: 46 | L64: 3.8 | M64: 5.2 | O64: =I64/H64 -> 6 | P64: =((J64-2*M64)+(2*K64-L64))*2/1000 -> 0.3156
C65: IPE 100x55x4,1x5,7 | E65: SHC | F65: German | H65: 12 | I65: 97.2 | J65: 100 | K65: 55 | L65: 4.1 | M65: 5.7 | O65: =I65/H65 -> 8.1 | P65: =((J65-2*M65)+(2*K65-L65))*2/1000 -> 0.389
C66: IPE 120x64x4,4x6,3 | E66: SHC | F66: German | H66: 12 | I66: 124.8 | J66: 120 | K66: 64 | L66: 4.4 | M66: 6.3 | O66: =I66/H66 -> 10.4 | P66: =((J66-2*M66)+(2*K66-L66))*2/1000 -> 0.462
C67: IPE 140x73x4,7x6,9 | E67: SHC | F67: German | H67: 12 | I67: 154.8 | J67: 140 | K67: 73 | L67: 4.7 | M67: 6.9 | O67: =I67/H67 -> 12.9 | P67: =((J67-2*M67)+(2*K67-L67))*2/1000 -> 0.535
C68: IPE 160x82x5x7,4 | E68: SHC | F68: German | H68: 12 | I68: 189.6 | J68: 160 | K68: 82 | L68: 5 | M68: 7.4 | O68: =I68/H68 -> 15.8 | P68: =((J68-2*M68)+(2*K68-L68))*2/1000 -> 0.6084
C69: IPE 180x91x5,3x8 | E69: SHC | F69: German | H69: 12 | I69: 225.6 | J69: 180 | K69: 91 | L69: 5.3 | M69: 8 | O69: =I69/H69 -> 18.8 | P69: =((J69-2*M69)+(2*K69-L69))*2/1000 -> 0.6814
C70: IPE 200x100x5,6x8,5 | E70: SHC | F70: German | H70: 12 | I70: 268.8 | J70: 200 | K70: 100 | L70: 5.6 | M70: 8.5 | O70: =I70/H70 -> 22.4 | P70: =((J70-2*M70)+(2*K70-L70))*2/1000 -> 0.7548
C71: IPE 220x110x5,9x9,2 | E71: SHC | F71: German | H71: 12 | I71: 314.4 | J71: 220 | K71: 110 | L71: 5.9 | M71: 9.2 | O71: =I71/H71 -> 26.2 | P71: =((J71-2*M71)+(2*K71-L71))*2/1000 -> 0.8314
C72: IPE 240x120x6,2x9,8 | E72: SHC | F72: German | H72: 12 | I72: 368.4 | J72: 240 | K72: 120 | L72: 6.2 | M72: 9.8 | O72: =I72/H72 -> 30.7 | P72: =((J72-2*M72)+(2*K72-L72))*2/1000 -> 0.9084
C73: IPE 270x135x6,6x10,2 | E73: SHC | F73: German | H73: 12 | I73: 433.2 | J73: 270 | K73: 135 | L73: 6.6 | M73: 10.2 | O73: =I73/H73 -> 36.1 | P73: =((J73-2*M73)+(2*K73-L73))*2/1000 -> 1.026
C74: IPE 300x150x7,1x10,7 | E74: SHC | F74: German | H74: 12 | I74: 506.4 | J74: 300 | K74: 150 | L74: 7.1 | M74: 10.7 | O74: =I74/H74 -> 42.2 | P74: =((J74-2*M74)+(2*K74-L74))*2/1000 -> 1.143
C75: IPE 330x160x7,5x11,5 | E75: SHC | F75: German | H75: 12 | I75: 589.2 | J75: 330 | K75: 160 | L75: 7.5 | M75: 11.5 | O75: =I75/H75 -> 49.1 | P75: =((J75-2*M75)+(2*K75-L75))*2/1000 -> 1.239
C76: IPE 360x170x8x12,7 | E76: SHC | F76: German | H76: 12 | I76: 685.2 | J76: 360 | K76: 170 | L76: 8 | M76: 12.7 | O76: =I76/H76 -> 57.1 | P76: =((J76-2*M76)+(2*K76-L76))*2/1000 -> 1.3332
... C81: IPE 600x220x12x19 | E81: SHC | F81: German | H81: 12 | I81: 1464 | J81: 600 | K81: 220 | L81: 12 | M81: 19 | O81: =I81/H81 -> 122 | P81: =((J81-2*M81)+(2*K81-L81))*2/1000 -> 1.98
B82: INP | C82: INP 80x42x3,9x5,9x2,3 | E82: SGJ, SHC | F82: German | H82: 6 | I82: 38.5 | J82: 80 | K82: 42 | L82: 3.9 | M82: 5.9 | N82: 2.3 | O82: =I82/H82 -> 6.4166667 | P82: =((J82-2*M82)+(2*K82-L82))*2/1000 -> 0.2966
C83: INP 100x50x4,5x6,8x2,7 | E83: SGJ, SHC | F83: German | H83: 6 | I83: 50.6 | J83: 100 | K83: 50 | L83: 4.5 | M83: 6.8 | N83: 2.7 | O83: =I83/H83 -> 8.4333333 | P83: =((J83-2*M83)+(2*K83-L83))*2/1000 -> 0.3638
C84: INP 120x58x5,1x7,7x3,1 | E84: SGJ, SHC | F84: German | H84: 6 | I84: 67.5 | J84: 120 | K84: 58 | L84: 5.1 | M84: 7.7 | N84: 3.1 | O84: =I84/H84 -> 11.25 | P84: =((J84-2*M84)+(2*K84-L84))*2/1000 -> 0.431
C85: INP 140x66x5,7x8,6x3,4 | E85: SGJ, SHC | F85: German | H85: 6 | I85: 87.5 | J85: 140 | K85: 66 | L85: 5.7 | M85: 8.6 | N85: 3.4 | O85: =I85/H85 -> 14.583333 | P85: =((J85-2*M85)+(2*K85-L85))*2/1000 -> 0.4982
C86: INP 160x74x6,5x9,5x3,8 | E86: SGJ, SHC | F86: German | H86: 6 | I86: 108.5 | J86: 160 | K86: 74 | L86: 6.5 | M86: 9.5 | N86: 3.8 | O86: =I86/H86 -> 18.083333 | P86: =((J86-2*M86)+(2*K86-L86))*2/1000 -> 0.565
C87: INP 180x82x6,9x10,4x4,1 | E87: SGJ, SHC | F87: German | H87: 12 | I87: 270 | J87: 180 | K87: 82 | L87: 6.9 | M87: 10.4 | N87: 4.1 | O87: =I87/H87 -> 22.5 | P87: =((J87-2*M87)+(2*K87-L87))*2/1000 -> 0.6326
C88: INP 200x90x7,5x11,3x4,5 | E88: SGJ, SHC | F88: German | H88: 12 | I88: 316 | J88: 200 | K88: 90 | L88: 7.5 | M88: 11.3 | N88: 4.5 | O88: =I88/H88 -> 26.333333 | P88: =((J88-2*M88)+(2*K88-L88))*2/1000 -> 0.6998
C89: INP 220x98x8,1x12,2x4,9 | E89: SGJ, SHC | F89: German | H89: 12 | I89: 375 | J89: 220 | K89: 98 | L89: 8.1 | M89: 12.2 | N89: 4.9 | O89: =I89/H89 -> 31.25 | P89: =((J89-2*M89)+(2*K89-L89))*2/1000 -> 0.767
C90: INP 240x106x8,7x13,1x5,2 | E90: SGJ, SHC | F90: German | H90: 12 | I90: 436 | J90: 240 | K90: 106 | L90: 8.7 | M90: 13.1 | N90: 5.2 | O90: =I90/H90 -> 36.333333 | P90: =((J90-2*M90)+(2*K90-L90))*2/1000 -> 0.8342
C91: INP 250x125x7,5x12,5 | E91: SGJ | F91: German | H91: 12 | J91: =136+152 -> 288 | K91: 150 | L91: 7.5 | M91: 12.5 | O91: =I91/H91 -> 0 | P91: =H91*K91*O91*J91/1000000 -> 0
C92: INP 260x113x9,4x14,1x5,6 | E92: SGJ, SHC | F92: German | H92: 12 | I92: 505 | J92: 260 | K92: 113 | L92: 9.4 | M92: 14.1 | N92: 5.6 | O92: =I92/H92 -> 42.083333 | P92: =((J92-2*M92)+(2*K92-L92))*2/1000 -> 0.8968
C93: INP 280x119x10,1x15,2x6,1 | E93: SGJ, SHC | F93: German | H93: 12 | I93: 580 | J93: 280 | K93: 119 | L93: 10.1 | M93: 15.2 | N93: 6.1 | O93: =I93/H93 -> 48.333333 | P93: =((J93-2*M93)+(2*K93-L93))*2/1000 -> 0.955
C94: INP 300x125x10,8x16,2x5 | E94: SGJ, SHC | F94: German | H94: 12 | I94: 661 | J94: 300 | K94: 125 | L94: 10.8 | M94: 16.2 | N94: 5 | O94: =I94/H94 -> 55.083333 | P94: =((J94-2*M94)+(2*K94-L94))*2/1000 -> 1.0136
C95: INP 320x131x11,5x17,3x6,9 | E95: SGJ, SHC | F95: German | H95: 12 | I95: 750 | J95: 320 | K95: 131 | L95: 11.5 | M95: 17.3 | N95: 6.9 | O95: =I95/H95 -> 62.5 | P95: =((J95-2*M95)+(2*K95-L95))*2/1000 -> 1.0718
C96: INP 340x137x12,2x18,3x7,3 | E96: SGJ, SHC | F96: German | H96: 12 | J96: =136+136+136+116+541+534+136+136+136+171 -> 2178 | K96: 150 | L96: 12.2 | M96: 18.3 | N96: 7.3 | O96: =I96/H96 -> 0 | P96: =H96*K96*O96*J96/1000000 -> 0
C97: INP 360x143x13x19,5x7,8 | E97: SGJ, SHC | F97: German | H97: 12 | J97: 200 | K97: 150 | L97: 13 | M97: 19.5 | N97: 7.8 | O97: =I97/H97 -> 0 | P97: =H97*K97*O97*J97/1000000 -> 0
